Workbook

Sheet Performance Map
H1: RPM | I1: Torque (Nm) | K1: Torque (Nm) @10kW | L1: Torque (Nm) @20kW | M1: Torque (Nm) @30kW | N1: Torque (Nm) @40kW | O1: Torque (Nm) @50kW | P1: Torque (Nm) @60kW | Q1: Torque (Nm) @70kW | R1: Torque (Nm) @80kW | T1: Velocity (mph) | U1: Available Tractive F (N) @70kW | V1: Resistive F (N) @0° | W1: Resistive F (N) @5° | X1: Resistive F (N) @10° | Y1: Resistive F (N) @15° | Z1: Resistive F (N) @20° | AA1: Resistive F (N) @25° | AB1: Resistive F (N) @30° | AD1: G1 | AE1: Velocity (mph) | AF1: Input Torque (Nm) | AG1: Available Tractive F (N) | AI1: G2 | AJ1: Velocity (mph) | AK1: Input Torque (Nm) | AL1: Available Tractive F (N) | AN1: G3 | AO1: Velocity (mph) | AP1: Input Torque (Nm) | AQ1: Available Tractive F (N) | AS1: G4 | AT1: Velocity (mph) | AU1: Input Torque (Nm) | AV1: Available Tractive F (N) | AX1: G5 | AY1: Velocity (mph) | AZ1: Input Torque (Nm) | BA1: Available Tractive F (N)
B2: Cr | C2: 0.016 | H2: 400 | K2: =10000/($H2*PI()/30) -> 238.73241 | T2: 0 | V2: =0.5*1.2*($T2*0.44704)^2*$C$3*$C$5+$C$4*9.81*($C$2*COS(0*PI()/180)+SIN(0*PI()/180)) -> 170.92944 | W2: =0.5*1.2*($T2*0.44704)^2*$C$3*$C$5+$C$4*9.81*($C$2*COS(5*PI()/180)+SIN(5*PI()/180)) -> 1101.3716 | X2: =0.5*1.2*($T2*0.44704)^2*$C$3*$C$5+$C$4*9.81*($C$2*COS(10*PI()/180)+SIN(10*PI()/180)) -> 2023.4317 | Y2: =0.5*1.2*($T2*0.44704)^2*$C$3*$C$5+$C$4*9.81*($C$2*COS(15*PI()/180)+SIN(15*PI()/180)) -> 2930.0923 | Z2: =0.5*1.2*($T2*0.44704)^2*$C$3*$C$5+$C$4*9.81*($C$2*COS(20*PI()/180)+SIN(20*PI()/180)) -> 3814.4531 | AA2: =0.5*1.2*($T2*0.44704)^2*$C$3*$C$5+$C$4*9.81*($C$2*COS(25*PI()/180)+SIN(25*PI()/180)) -> 4669.7836 | AB2: =0.5*1.2*($T2*0.44704)^2*$C$3*$C$5+$C$4*9.81*($C$2*COS(30*PI()/180)+SIN(30*PI()/180)) -> 5489.5742 | AD2: 9 | AI2: 6 | AN2: 4 | AS2: 3 | AX2: 2.4
B3: Cd | C3: 0.321 | H3: 500 | K3: =10000/($H3*PI()/30) -> 190.98593 | T3: 3 | U3: =70000/(T3*0.44704) -> 52195.18 | V3: =0.5*1.2*($T3*0.44704)^2*$C$3*$C$5+$C$4*9.81*($C$2*COS(0*PI()/180)+SIN(0*PI()/180)) -> 171.67422 | W3: =0.5*1.2*($T3*0.44704)^2*$C$3*$C$5+$C$4*9.81*($C$2*COS(5*PI()/180)+SIN(5*PI()/180)) -> 1102.1164 | X3: =0.5*1.2*($T3*0.44704)^2*$C$3*$C$5+$C$4*9.81*($C$2*COS(10*PI()/180)+SIN(10*PI()/180)) -> 2024.1765 | Y3: =0.5*1.2*($T3*0.44704)^2*$C$3*$C$5+$C$4*9.81*($C$2*COS(15*PI()/180)+SIN(15*PI()/180)) -> 2930.8371 | Z3: =0.5*1.2*($T3*0.44704)^2*$C$3*$C$5+$C$4*9.81*($C$2*COS(20*PI()/180)+SIN(20*PI()/180)) -> 3815.1979 | AA3: =0.5*1.2*($T3*0.44704)^2*$C$3*$C$5+$C$4*9.81*($C$2*COS(25*PI()/180)+SIN(25*PI()/180)) -> 4670.5284 | AB3: =0.5*1.2*($T3*0.44704)^2*$C$3*$C$5+$C$4*9.81*($C$2*COS(30*PI()/180)+SIN(30*PI()/180)) -> 5490.319
B4: Mass (kg) | C4: 1089 | H4: 600 | K4: =10000/($H4*PI()/30) -> 159.15494 | T4: 6 | U4: =70000/(T4*0.44704) -> 26097.59 | V4: =0.5*1.2*($T4*0.44704)^2*$C$3*$C$5+$C$4*9.81*($C$2*COS(0*PI()/180)+SIN(0*PI()/180)) -> 173.90857 | W4: =0.5*1.2*($T4*0.44704)^2*$C$3*$C$5+$C$4*9.81*($C$2*COS(5*PI()/180)+SIN(5*PI()/180)) -> 1104.3508 | X4: =0.5*1.2*($T4*0.44704)^2*$C$3*$C$5+$C$4*9.81*($C$2*COS(10*PI()/180)+SIN(10*PI()/180)) -> 2026.4109 | Y4: =0.5*1.2*($T4*0.44704)^2*$C$3*$C$5+$C$4*9.81*($C$2*COS(15*PI()/180)+SIN(15*PI()/180)) -> 2933.0714 | Z4: =0.5*1.2*($T4*0.44704)^2*$C$3*$C$5+$C$4*9.81*($C$2*COS(20*PI()/180)+SIN(20*PI()/180)) -> 3817.4322 | AA4: =0.5*1.2*($T4*0.44704)^2*$C$3*$C$5+$C$4*9.81*($C$2*COS(25*PI()/180)+SIN(25*PI()/180)) -> 4672.7627 | AB4: =0.5*1.2*($T4*0.44704)^2*$C$3*$C$5+$C$4*9.81*($C$2*COS(30*PI()/180)+SIN(30*PI()/180)) -> 5492.5534
B5: Area (m2) | C5: 2.15 | H5: 700 | K5: =10000/($H5*PI()/30) -> 136.41852 | T5: 9 | U5: =70000/(T5*0.44704) -> 17398.393 | V5: =0.5*1.2*($T5*0.44704)^2*$C$3*$C$5+$C$4*9.81*($C$2*COS(0*PI()/180)+SIN(0*PI()/180)) -> 177.63249 | W5: =0.5*1.2*($T5*0.44704)^2*$C$3*$C$5+$C$4*9.81*($C$2*COS(5*PI()/180)+SIN(5*PI()/180)) -> 1108.0747 | X5: =0.5*1.2*($T5*0.44704)^2*$C$3*$C$5+$C$4*9.81*($C$2*COS(10*PI()/180)+SIN(10*PI()/180)) -> 2030.1348 | Y5: =0.5*1.2*($T5*0.44704)^2*$C$3*$C$5+$C$4*9.81*($C$2*COS(15*PI()/180)+SIN(15*PI()/180)) -> 2936.7954 | Z5: =0.5*1.2*($T5*0.44704)^2*$C$3*$C$5+$C$4*9.81*($C$2*COS(20*PI()/180)+SIN(20*PI()/180)) -> 3821.1562 | AA5: =0.5*1.2*($T5*0.44704)^2*$C$3*$C$5+$C$4*9.81*($C$2*COS(25*PI()/180)+SIN(25*PI()/180)) -> 4676.4867 | AB5: =0.5*1.2*($T5*0.44704)^2*$C$3*$C$5+$C$4*9.81*($C$2*COS(30*PI()/180)+SIN(30*PI()/180)) -> 5496.2773
B6: Wheel Radius (m) | C6: =0.3075*0.95 -> 0.292125 | H6: 800 | K6: =10000/($H6*PI()/30) -> 119.36621 | T6: 12 | U6: =70000/(T6*0.44704) -> 13048.795 | V6: =0.5*1.2*($T6*0.44704)^2*$C$3*$C$5+$C$4*9.81*($C$2*COS(0*PI()/180)+SIN(0*PI()/180)) -> 182.84598 | W6: =0.5*1.2*($T6*0.44704)^2*$C$3*$C$5+$C$4*9.81*($C$2*COS(5*PI()/180)+SIN(5*PI()/180)) -> 1113.2882 | X6: =0.5*1.2*($T6*0.44704)^2*$C$3*$C$5+$C$4*9.81*($C$2*COS(10*PI()/180)+SIN(10*PI()/180)) -> 2035.3483 | Y6: =0.5*1.2*($T6*0.44704)^2*$C$3*$C$5+$C$4*9.81*($C$2*COS(15*PI()/180)+SIN(15*PI()/180)) -> 2942.0088 | Z6: =0.5*1.2*($T6*0.44704)^2*$C$3*$C$5+$C$4*9.81*($C$2*COS(20*PI()/180)+SIN(20*PI()/180)) -> 3826.3696 | AA6: =0.5*1.2*($T6*0.44704)^2*$C$3*$C$5+$C$4*9.81*($C$2*COS(25*PI()/180)+SIN(25*PI()/180)) -> 4681.7001 | AB6: =0.5*1.2*($T6*0.44704)^2*$C$3*$C$5+$C$4*9.81*($C$2*COS(30*PI()/180)+SIN(30*PI()/180)) -> 5501.4908
B7: Gradient (°) | C7: 0 | H7: 900 | K7: =10000/($H7*PI()/30) -> 106.1033 | L7: =20000/($H7*PI()/30) -> 212.20659 | T7: 15 | U7: =70000/(T7*0.44704) -> 10439.036 | V7: =0.5*1.2*($T7*0.44704)^2*$C$3*$C$5+$C$4*9.81*($C$2*COS(0*PI()/180)+SIN(0*PI()/180)) -> 189.54903 | W7: =0.5*1.2*($T7*0.44704)^2*$C$3*$C$5+$C$4*9.81*($C$2*COS(5*PI()/180)+SIN(5*PI()/180)) -> 1119.9912 | X7: =0.5*1.2*($T7*0.44704)^2*$C$3*$C$5+$C$4*9.81*($C$2*COS(10*PI()/180)+SIN(10*PI()/180)) -> 2042.0513 | Y7: =0.5*1.2*($T7*0.44704)^2*$C$3*$C$5+$C$4*9.81*($C$2*COS(15*PI()/180)+SIN(15*PI()/180)) -> 2948.7119 | Z7: =0.5*1.2*($T7*0.44704)^2*$C$3*$C$5+$C$4*9.81*($C$2*COS(20*PI()/180)+SIN(20*PI()/180)) -> 3833.0727 | AA7: =0.5*1.2*($T7*0.44704)^2*$C$3*$C$5+$C$4*9.81*($C$2*COS(25*PI()/180)+SIN(25*PI()/180)) -> 4688.4032 | AB7: =0.5*1.2*($T7*0.44704)^2*$C$3*$C$5+$C$4*9.81*($C$2*COS(30*PI()/180)+SIN(30*PI()/180)) -> 5508.1938
H8: 1000 | I8: 103.5 | K8: =10000/($H8*PI()/30) -> 95.492966 | L8: =20000/($H8*PI()/30) -> 190.98593 | T8: 18 | U8: =70000/(T8*0.44704) -> 8699.1967 | V8: =0.5*1.2*($T8*0.44704)^2*$C$3*$C$5+$C$4*9.81*($C$2*COS(0*PI()/180)+SIN(0*PI()/180)) -> 197.74164 | W8: =0.5*1.2*($T8*0.44704)^2*$C$3*$C$5+$C$4*9.81*($C$2*COS(5*PI()/180)+SIN(5*PI()/180)) -> 1128.1839 | X8: =0.5*1.2*($T8*0.44704)^2*$C$3*$C$5+$C$4*9.81*($C$2*COS(10*PI()/180)+SIN(10*PI()/180)) -> 2050.244 | Y8: =0.5*1.2*($T8*0.44704)^2*$C$3*$C$5+$C$4*9.81*($C$2*COS(15*PI()/180)+SIN(15*PI()/180)) -> 2956.9045 | Z8: =0.5*1.2*($T8*0.44704)^2*$C$3*$C$5+$C$4*9.81*($C$2*COS(20*PI()/180)+SIN(20*PI()/180)) -> 3841.2653 | AA8: =0.5*1.2*($T8*0.44704)^2*$C$3*$C$5+$C$4*9.81*($C$2*COS(25*PI()/180)+SIN(25*PI()/180)) -> 4696.5958 | AB8: =0.5*1.2*($T8*0.44704)^2*$C$3*$C$5+$C$4*9.81*($C$2*COS(30*PI()/180)+SIN(30*PI()/180)) -> 5516.3864 | AE8: =PI()/30*$H8*$C$6/AD$2*2.23649 -> 7.6018937 | AF8: =(0.5*1.2*(AE8*0.44704)^2*$C$3*$C$5+$C$4*9.81*($C$2*COS($C$7*PI()/180)+SIN($C$7*PI()/180)))*$C$6/AD$2 -> 5.7033082 | AG8: =AD$2*$I8/$C$6 -> 3188.7035 | AJ8: =PI()/30*$H8*$C$6/AI$2*2.23649 -> 11.402841 | AK8: =(0.5*1.2*(AJ8*0.44704)^2*$C$3*$C$5+$C$4*9.81*($C$2*COS($C$7*PI()/180)+SIN($C$7*PI()/180)))*$C$6/AI$2 -> 8.8460062 | AL8: =AI$2*$I8/$C$6 -> 2125.8023 | AO8: =PI()/30*$H8*$C$6/AN$2*2.23649 -> 17.104261 | AP8: =(0.5*1.2*(AO8*0.44704)^2*$C$3*$C$5+$C$4*9.81*($C$2*COS($C$7*PI()/180)+SIN($C$7*PI()/180)))*$C$6/AN$2 -> 14.251283 | AQ8: =AN$2*$I8/$C$6 -> 1417.2015 | AT8: =PI()/30*$H8*$C$6/AS$2*2.23649 -> 22.805681 | AU8: =(0.5*1.2*(AT8*0.44704)^2*$C$3*$C$5+$C$4*9.81*($C$2*COS($C$7*PI()/180)+SIN($C$7*PI()/180)))*$C$6/AS$2 -> 20.835287 | AV8: =AS$2*$I8/$C$6 -> 1062.9012 | AY8: =PI()/30*$H8*$C$6/AX$2*2.23649 -> 28.507102 | AZ8: =(0.5*1.2*(AY8*0.44704)^2*$C$3*$C$5+$C$4*9.81*($C$2*COS($C$7*PI()/180)+SIN($C$7*PI()/180)))*$C$6/AX$2 -> 28.990929 | BA8: =AX$2*$I8/$C$6 -> 850.32092
H9: 1100 | I9: 117.6 | K9: =10000/($H9*PI()/30) -> 86.811787 | L9: =20000/($H9*PI()/30) -> 173.62357 | T9: 21 | U9: =70000/(T9*0.44704) -> 7456.4543 | V9: =0.5*1.2*($T9*0.44704)^2*$C$3*$C$5+$C$4*9.81*($C$2*COS(0*PI()/180)+SIN(0*PI()/180)) -> 207.42383 | W9: =0.5*1.2*($T9*0.44704)^2*$C$3*$C$5+$C$4*9.81*($C$2*COS(5*PI()/180)+SIN(5*PI()/180)) -> 1137.866 | X9: =0.5*1.2*($T9*0.44704)^2*$C$3*$C$5+$C$4*9.81*($C$2*COS(10*PI()/180)+SIN(10*PI()/180)) -> 2059.9261 | Y9: =0.5*1.2*($T9*0.44704)^2*$C$3*$C$5+$C$4*9.81*($C$2*COS(15*PI()/180)+SIN(15*PI()/180)) -> 2966.5867 | Z9: =0.5*1.2*($T9*0.44704)^2*$C$3*$C$5+$C$4*9.81*($C$2*COS(20*PI()/180)+SIN(20*PI()/180)) -> 3850.9475 | AA9: =0.5*1.2*($T9*0.44704)^2*$C$3*$C$5+$C$4*9.81*($C$2*COS(25*PI()/180)+SIN(25*PI()/180)) -> 4706.278 | AB9: =0.5*1.2*($T9*0.44704)^2*$C$3*$C$5+$C$4*9.81*($C$2*COS(30*PI()/180)+SIN(30*PI()/180)) -> 5526.0686 | AE9: =PI()/30*$H9*$C$6/AD$2*2.23649 -> 8.3620831 | AF9: =(0.5*1.2*(AE9*0.44704)^2*$C$3*$C$5+$C$4*9.81*($C$2*COS($C$7*PI()/180)+SIN($C$7*PI()/180)))*$C$6/AD$2 -> 5.7359051 | AG9: =AD$2*$I9/$C$6 -> 3623.1065 | AJ9: =PI()/30*$H9*$C$6/AI$2*2.23649 -> 12.543125 | AK9: =(0.5*1.2*(AJ9*0.44704)^2*$C$3*$C$5+$C$4*9.81*($C$2*COS($C$7*PI()/180)+SIN($C$7*PI()/180)))*$C$6/AI$2 -> 8.9560209 | AL9: =AI$2*$I9/$C$6 -> 2415.4044 | AO9: =PI()/30*$H9*$C$6/AN$2*2.23649 -> 18.814687 | AP9: =(0.5*1.2*(AO9*0.44704)^2*$C$3*$C$5+$C$4*9.81*($C$2*COS($C$7*PI()/180)+SIN($C$7*PI()/180)))*$C$6/AN$2 -> 14.622582 | AQ9: =AN$2*$I9/$C$6 -> 1610.2696 | AT9: =PI()/30*$H9*$C$6/AS$2*2.23649 -> 25.086249 | AU9: =(0.5*1.2*(AT9*0.44704)^2*$C$3*$C$5+$C$4*9.81*($C$2*COS($C$7*PI()/180)+SIN($C$7*PI()/180)))*$C$6/AS$2 -> 21.715404 | AV9: =AS$2*$I9/$C$6 -> 1207.7022 | AY9: =PI()/30*$H9*$C$6/AX$2*2.23649 -> 31.357812 | AZ9: =(0.5*1.2*(AY9*0.44704)^2*$C$3*$C$5+$C$4*9.81*($C$2*COS($C$7*PI()/180)+SIN($C$7*PI()/180)))*$C$6/AX$2 -> 30.709907 | BA9: =AX$2*$I9/$C$6 -> 966.16175
H10: 1200 | I10: 129.3 | K10: =10000/($H10*PI()/30) -> 79.577472 | L10: =20000/($H10*PI()/30) -> 159.15494 | T10: 24 | U10: =70000/(T10*0.44704) -> 6524.3975 | V10: =0.5*1.2*($T10*0.44704)^2*$C$3*$C$5+$C$4*9.81*($C$2*COS(0*PI()/180)+SIN(0*PI()/180)) -> 218.59558 | W10: =0.5*1.2*($T10*0.44704)^2*$C$3*$C$5+$C$4*9.81*($C$2*COS(5*PI()/180)+SIN(5*PI()/180)) -> 1149.0378 | X10: =0.5*1.2*($T10*0.44704)^2*$C$3*$C$5+$C$4*9.81*($C$2*COS(10*PI()/180)+SIN(10*PI()/180)) -> 2071.0979 | Y10: =0.5*1.2*($T10*0.44704)^2*$C$3*$C$5+$C$4*9.81*($C$2*COS(15*PI()/180)+SIN(15*PI()/180)) -> 2977.7585 | Z10: =0.5*1.2*($T10*0.44704)^2*$C$3*$C$5+$C$4*9.81*($C$2*COS(20*PI()/180)+SIN(20*PI()/180)) -> 3862.1192 | AA10: =0.5*1.2*($T10*0.44704)^2*$C$3*$C$5+$C$4*9.81*($C$2*COS(25*PI()/180)+SIN(25*PI()/180)) -> 4717.4497 | AB10: =0.5*1.2*($T10*0.44704)^2*$C$3*$C$5+$C$4*9.81*($C$2*COS(30*PI()/180)+SIN(30*PI()/180)) -> 5537.2404 | AE10: =PI()/30*$H10*$C$6/AD$2*2.23649 -> 9.1222725 | AF10: =(0.5*1.2*(AE10*0.44704)^2*$C$3*$C$5+$C$4*9.81*($C$2*COS($C$7*PI()/180)+SIN($C$7*PI()/180)))*$C$6/AD$2 -> 5.7716065 | AG10: =AD$2*$I10/$C$6 -> 3983.5687 | AJ10: =PI()/30*$H10*$C$6/AI$2*2.23649 -> 13.683409 | AK10: =(0.5*1.2*(AJ10*0.44704)^2*$C$3*$C$5+$C$4*9.81*($C$2*COS($C$7*PI()/180)+SIN($C$7*PI()/180)))*$C$6/AI$2 -> 9.0765131 | AL10: =AI$2*$I10/$C$6 -> 2655.7125 | AO10: =PI()/30*$H10*$C$6/AN$2*2.23649 -> 20.525113 | AP10: =(0.5*1.2*(AO10*0.44704)^2*$C$3*$C$5+$C$4*9.81*($C$2*COS($C$7*PI()/180)+SIN($C$7*PI()/180)))*$C$6/AN$2 -> 15.029243 | AQ10: =AN$2*$I10/$C$6 -> 1770.475 | AT10: =PI()/30*$H10*$C$6/AS$2*2.23649 -> 27.366817 | AU10: =(0.5*1.2*(AT10*0.44704)^2*$C$3*$C$5+$C$4*9.81*($C$2*COS($C$7*PI()/180)+SIN($C$7*PI()/180)))*$C$6/AS$2 -> 22.679342 | AV10: =AS$2*$I10/$C$6 -> 1327.8562 | AY10: =PI()/30*$H10*$C$6/AX$2*2.23649 -> 34.208522 | AZ10: =(0.5*1.2*(AY10*0.44704)^2*$C$3*$C$5+$C$4*9.81*($C$2*COS($C$7*PI()/180)+SIN($C$7*PI()/180)))*$C$6/AX$2 -> 32.592598 | BA10: =AX$2*$I10/$C$6 -> 1062.285
H11: 1300 | I11: 139.3 | K11: =10000/($H11*PI()/30) -> 73.456128 | L11: =20000/($H11*PI()/30) -> 146.91226 | T11: 27 | U11: =70000/(T11*0.44704) -> 5799.4645 | V11: =0.5*1.2*($T11*0.44704)^2*$C$3*$C$5+$C$4*9.81*($C$2*COS(0*PI()/180)+SIN(0*PI()/180)) -> 231.2569 | W11: =0.5*1.2*($T11*0.44704)^2*$C$3*$C$5+$C$4*9.81*($C$2*COS(5*PI()/180)+SIN(5*PI()/180)) -> 1161.6991 | X11: =0.5*1.2*($T11*0.44704)^2*$C$3*$C$5+$C$4*9.81*($C$2*COS(10*PI()/180)+SIN(10*PI()/180)) -> 2083.7592 | Y11: =0.5*1.2*($T11*0.44704)^2*$C$3*$C$5+$C$4*9.81*($C$2*COS(15*PI()/180)+SIN(15*PI()/180)) -> 2990.4198 | Z11: =0.5*1.2*($T11*0.44704)^2*$C$3*$C$5+$C$4*9.81*($C$2*COS(20*PI()/180)+SIN(20*PI()/180)) -> 3874.7806 | AA11: =0.5*1.2*($T11*0.44704)^2*$C$3*$C$5+$C$4*9.81*($C$2*COS(25*PI()/180)+SIN(25*PI()/180)) -> 4730.1111 | AB11: =0.5*1.2*($T11*0.44704)^2*$C$3*$C$5+$C$4*9.81*($C$2*COS(30*PI()/180)+SIN(30*PI()/180)) -> 5549.9017 | AE11: =PI()/30*$H11*$C$6/AD$2*2.23649 -> 9.8824619 | AF11: =(0.5*1.2*(AE11*0.44704)^2*$C$3*$C$5+$C$4*9.81*($C$2*COS($C$7*PI()/180)+SIN($C$7*PI()/180)))*$C$6/AD$2 -> 5.8104124 | AG11: =AD$2*$I11/$C$6 -> 4291.656 | AJ11: =PI()/30*$H11*$C$6/AI$2*2.23649 -> 14.823693 | AK11: =(0.5*1.2*(AJ11*0.44704)^2*$C$3*$C$5+$C$4*9.81*($C$2*COS($C$7*PI()/180)+SIN($C$7*PI()/180)))*$C$6/AI$2 -> 9.2074828 | AL11: =AI$2*$I11/$C$6 -> 2861.104 | AO11: =PI()/30*$H11*$C$6/AN$2*2.23649 -> 22.235539 | AP11: =(0.5*1.2*(AO11*0.44704)^2*$C$3*$C$5+$C$4*9.81*($C$2*COS($C$7*PI()/180)+SIN($C$7*PI()/180)))*$C$6/AN$2 -> 15.471266 | AQ11: =AN$2*$I11/$C$6 -> 1907.4027 | AT11: =PI()/30*$H11*$C$6/AS$2*2.23649 -> 29.647386 | AU11: =(0.5*1.2*(AT11*0.44704)^2*$C$3*$C$5+$C$4*9.81*($C$2*COS($C$7*PI()/180)+SIN($C$7*PI()/180)))*$C$6/AS$2 -> 23.7271 | AV11: =AS$2*$I11/$C$6 -> 1430.552 | AY11: =PI()/30*$H11*$C$6/AX$2*2.23649 -> 37.059232 | AZ11: =(0.5*1.2*(AY11*0.44704)^2*$C$3*$C$5+$C$4*9.81*($C$2*COS($C$7*PI()/180)+SIN($C$7*PI()/180)))*$C$6/AX$2 -> 34.639001 | BA11: =AX$2*$I11/$C$6 -> 1144.4416
H12: 1400 | I12: 147.8 | K12: =10000/($H12*PI()/30) -> 68.209261 | L12: =20000/($H12*PI()/30) -> 136.41852 | M12: =30000/($H12*PI()/30) -> 204.62778 | T12: 30 | U12: =70000/(T12*0.44704) -> 5219.518 | V12: =0.5*1.2*($T12*0.44704)^2*$C$3*$C$5+$C$4*9.81*($C$2*COS(0*PI()/180)+SIN(0*PI()/180)) -> 245.40779 | W12: =0.5*1.2*($T12*0.44704)^2*$C$3*$C$5+$C$4*9.81*($C$2*COS(5*PI()/180)+SIN(5*PI()/180)) -> 1175.85 | X12: =0.5*1.2*($T12*0.44704)^2*$C$3*$C$5+$C$4*9.81*($C$2*COS(10*PI()/180)+SIN(10*PI()/180)) -> 2097.9101 | Y12: =0.5*1.2*($T12*0.44704)^2*$C$3*$C$5+$C$4*9.81*($C$2*COS(15*PI()/180)+SIN(15*PI()/180)) -> 3004.5707 | Z12: =0.5*1.2*($T12*0.44704)^2*$C$3*$C$5+$C$4*9.81*($C$2*COS(20*PI()/180)+SIN(20*PI()/180)) -> 3888.9315 | AA12: =0.5*1.2*($T12*0.44704)^2*$C$3*$C$5+$C$4*9.81*($C$2*COS(25*PI()/180)+SIN(25*PI()/180)) -> 4744.262 | AB12: =0.5*1.2*($T12*0.44704)^2*$C$3*$C$5+$C$4*9.81*($C$2*COS(30*PI()/180)+SIN(30*PI()/180)) -> 5564.0526 | AE12: =PI()/30*$H12*$C$6/AD$2*2.23649 -> 10.642651 | AF12: =(0.5*1.2*(AE12*0.44704)^2*$C$3*$C$5+$C$4*9.81*($C$2*COS($C$7*PI()/180)+SIN($C$7*PI()/180)))*$C$6/AD$2 -> 5.8523227 | AG12: =AD$2*$I12/$C$6 -> 4553.5302 | AJ12: =PI()/30*$H12*$C$6/AI$2*2.23649 -> 15.963977 | AK12: =(0.5*1.2*(AJ12*0.44704)^2*$C$3*$C$5+$C$4*9.81*($C$2*COS($C$7*PI()/180)+SIN($C$7*PI()/180)))*$C$6/AI$2 -> 9.3489302 | AL12: =AI$2*$I12/$C$6 -> 3035.6868 | AO12: =PI()/30*$H12*$C$6/AN$2*2.23649 -> 23.945965 | AP12: =(0.5*1.2*(AO12*0.44704)^2*$C$3*$C$5+$C$4*9.81*($C$2*COS($C$7*PI()/180)+SIN($C$7*PI()/180)))*$C$6/AN$2 -> 15.948651 | AQ12: =AN$2*$I12/$C$6 -> 2023.7912 | AT12: =PI()/30*$H12*$C$6/AS$2*2.23649 -> 31.927954 | AU12: =(0.5*1.2*(AT12*0.44704)^2*$C$3*$C$5+$C$4*9.81*($C$2*COS($C$7*PI()/180)+SIN($C$7*PI()/180)))*$C$6/AS$2 -> 24.858679 | AV12: =AS$2*$I12/$C$6 -> 1517.8434 | AY12: =PI()/30*$H12*$C$6/AX$2*2.23649 -> 39.909942 | AZ12: =(0.5*1.2*(AY12*0.44704)^2*$C$3*$C$5+$C$4*9.81*($C$2*COS($C$7*PI()/180)+SIN($C$7*PI()/180)))*$C$6/AX$2 -> 36.849116 | BA12: =AX$2*$I12/$C$6 -> 1214.2747
H13: 1500 | I13: 155.2 | K13: =10000/($H13*PI()/30) -> 63.661977 | L13: =20000/($H13*PI()/30) -> 127.32395 | M13: =30000/($H13*PI()/30) -> 190.98593 | T13: 33 | U13: =70000/(T13*0.44704) -> 4745.0164 | V13: =0.5*1.2*($T13*0.44704)^2*$C$3*$C$5+$C$4*9.81*($C$2*COS(0*PI()/180)+SIN(0*PI()/180)) -> 261.04824 | W13: =0.5*1.2*($T13*0.44704)^2*$C$3*$C$5+$C$4*9.81*($C$2*COS(5*PI()/180)+SIN(5*PI()/180)) -> 1191.4904 | X13: =0.5*1.2*($T13*0.44704)^2*$C$3*$C$5+$C$4*9.81*($C$2*COS(10*PI()/180)+SIN(10*PI()/180)) -> 2113.5505 | Y13: =0.5*1.2*($T13*0.44704)^2*$C$3*$C$5+$C$4*9.81*($C$2*COS(15*PI()/180)+SIN(15*PI()/180)) -> 3020.2111 | Z13: =0.5*1.2*($T13*0.44704)^2*$C$3*$C$5+$C$4*9.81*($C$2*COS(20*PI()/180)+SIN(20*PI()/180)) -> 3904.5719 | AA13: =0.5*1.2*($T13*0.44704)^2*$C$3*$C$5+$C$4*9.81*($C$2*COS(25*PI()/180)+SIN(25*PI()/180)) -> 4759.9024 | AB13: =0.5*1.2*($T13*0.44704)^2*$C$3*$C$5+$C$4*9.81*($C$2*COS(30*PI()/180)+SIN(30*PI()/180)) -> 5579.693 | AE13: =PI()/30*$H13*$C$6/AD$2*2.23649 -> 11.402841 | AF13: =(0.5*1.2*(AE13*0.44704)^2*$C$3*$C$5+$C$4*9.81*($C$2*COS($C$7*PI()/180)+SIN($C$7*PI()/180)))*$C$6/AD$2 -> 5.8973375 | AG13: =AD$2*$I13/$C$6 -> 4781.5148 | AJ13: =PI()/30*$H13*$C$6/AI$2*2.23649 -> 17.104261 | AK13: =(0.5*1.2*(AJ13*0.44704)^2*$C$3*$C$5+$C$4*9.81*($C$2*COS($C$7*PI()/180)+SIN($C$7*PI()/180)))*$C$6/AI$2 -> 9.5008551 | AL13: =AI$2*$I13/$C$6 -> 3187.6765 | AO13: =PI()/30*$H13*$C$6/AN$2*2.23649 -> 25.656391 | AP13: =(0.5*1.2*(AO13*0.44704)^2*$C$3*$C$5+$C$4*9.81*($C$2*COS($C$7*PI()/180)+SIN($C$7*PI()/180)))*$C$6/AN$2 -> 16.461398 | AQ13: =AN$2*$I13/$C$6 -> 2125.1177 | AT13: =PI()/30*$H13*$C$6/AS$2*2.23649 -> 34.208522 | AU13: =(0.5*1.2*(AT13*0.44704)^2*$C$3*$C$5+$C$4*9.81*($C$2*COS($C$7*PI()/180)+SIN($C$7*PI()/180)))*$C$6/AS$2 -> 26.074078 | AV13: =AS$2*$I13/$C$6 -> 1593.8383 | AY13: =PI()/30*$H13*$C$6/AX$2*2.23649 -> 42.760652 | AZ13: =(0.5*1.2*(AY13*0.44704)^2*$C$3*$C$5+$C$4*9.81*($C$2*COS($C$7*PI()/180)+SIN($C$7*PI()/180)))*$C$6/AX$2 -> 39.222943 | BA13: =AX$2*$I13/$C$6 -> 1275.0706
H14: 1600 | I14: 161.7 | K14: =10000/($H14*PI()/30) -> 59.683104 | L14: =20000/($H14*PI()/30) -> 119.36621 | M14: =30000/($H14*PI()/30) -> 179.04931 | T14: 36 | U14: =70000/(T14*0.44704) -> 4349.5983 | V14: =0.5*1.2*($T14*0.44704)^2*$C$3*$C$5+$C$4*9.81*($C$2*COS(0*PI()/180)+SIN(0*PI()/180)) -> 278.17826 | W14: =0.5*1.2*($T14*0.44704)^2*$C$3*$C$5+$C$4*9.81*($C$2*COS(5*PI()/180)+SIN(5*PI()/180)) -> 1208.6205 | X14: =0.5*1.2*($T14*0.44704)^2*$C$3*$C$5+$C$4*9.81*($C$2*COS(10*PI()/180)+SIN(10*PI()/180)) -> 2130.6806 | Y14: =0.5*1.2*($T14*0.44704)^2*$C$3*$C$5+$C$4*9.81*($C$2*COS(15*PI()/180)+SIN(15*PI()/180)) -> 3037.3411 | Z14: =0.5*1.2*($T14*0.44704)^2*$C$3*$C$5+$C$4*9.81*($C$2*COS(20*PI()/180)+SIN(20*PI()/180)) -> 3921.7019 | AA14: =0.5*1.2*($T14*0.44704)^2*$C$3*$C$5+$C$4*9.81*($C$2*COS(25*PI()/180)+SIN(25*PI()/180)) -> 4777.0324 | AB14: =0.5*1.2*($T14*0.44704)^2*$C$3*$C$5+$C$4*9.81*($C$2*COS(30*PI()/180)+SIN(30*PI()/180)) -> 5596.8231 | AE14: =PI()/30*$H14*$C$6/AD$2*2.23649 -> 12.16303 | AF14: =(0.5*1.2*(AE14*0.44704)^2*$C$3*$C$5+$C$4*9.81*($C$2*COS($C$7*PI()/180)+SIN($C$7*PI()/180)))*$C$6/AD$2 -> 5.9454568 | AG14: =AD$2*$I14/$C$6 -> 4981.7715 | AJ14: =PI()/30*$H14*$C$6/AI$2*2.23649 -> 18.244545 | AK14: =(0.5*1.2*(AJ14*0.44704)^2*$C$3*$C$5+$C$4*9.81*($C$2*COS($C$7*PI()/180)+SIN($C$7*PI()/180)))*$C$6/AI$2 -> 9.6632577 | AL14: =AI$2*$I14/$C$6 -> 3321.181 | AO14: =PI()/30*$H14*$C$6/AN$2*2.23649 -> 27.366817 | AP14: =(0.5*1.2*(AO14*0.44704)^2*$C$3*$C$5+$C$4*9.81*($C$2*COS($C$7*PI()/180)+SIN($C$7*PI()/180)))*$C$6/AN$2 -> 17.009506 | AQ14: =AN$2*$I14/$C$6 -> 2214.1207 | AT14: =PI()/30*$H14*$C$6/AS$2*2.23649 -> 36.48909 | AU14: =(0.5*1.2*(AT14*0.44704)^2*$C$3*$C$5+$C$4*9.81*($C$2*COS($C$7*PI()/180)+SIN($C$7*PI()/180)))*$C$6/AS$2 -> 27.373299 | AV14: =AS$2*$I14/$C$6 -> 1660.5905 | AY14: =PI()/30*$H14*$C$6/AX$2*2.23649 -> 45.611362 | AZ14: =(0.5*1.2*(AY14*0.44704)^2*$C$3*$C$5+$C$4*9.81*($C$2*COS($C$7*PI()/180)+SIN($C$7*PI()/180)))*$C$6/AX$2 -> 41.760483 | BA14: =AX$2*$I14/$C$6 -> 1328.4724
H15: 1700 | I15: 167.4 | K15: =10000/($H15*PI()/30) -> 56.172333 | L15: =20000/($H15*PI()/30) -> 112.34467 | M15: =30000/($H15*PI()/30) -> 168.517 | T15: 39 | U15: =70000/(T15*0.44704) -> 4015.0139 | V15: =0.5*1.2*($T15*0.44704)^2*$C$3*$C$5+$C$4*9.81*($C$2*COS(0*PI()/180)+SIN(0*PI()/180)) -> 296.79784 | W15: =0.5*1.2*($T15*0.44704)^2*$C$3*$C$5+$C$4*9.81*($C$2*COS(5*PI()/180)+SIN(5*PI()/180)) -> 1227.24 | X15: =0.5*1.2*($T15*0.44704)^2*$C$3*$C$5+$C$4*9.81*($C$2*COS(10*PI()/180)+SIN(10*PI()/180)) -> 2149.3002 | Y15: =0.5*1.2*($T15*0.44704)^2*$C$3*$C$5+$C$4*9.81*($C$2*COS(15*PI()/180)+SIN(15*PI()/180)) -> 3055.9607 | Z15: =0.5*1.2*($T15*0.44704)^2*$C$3*$C$5+$C$4*9.81*($C$2*COS(20*PI()/180)+SIN(20*PI()/180)) -> 3940.3215 | AA15: =0.5*1.2*($T15*0.44704)^2*$C$3*$C$5+$C$4*9.81*($C$2*COS(25*PI()/180)+SIN(25*PI()/180)) -> 4795.652 | AB15: =0.5*1.2*($T15*0.44704)^2*$C$3*$C$5+$C$4*9.81*($C$2*COS(30*PI()/180)+SIN(30*PI()/180)) -> 5615.4426 | AE15: =PI()/30*$H15*$C$6/AD$2*2.23649 -> 12.923219 | AF15: =(0.5*1.2*(AE15*0.44704)^2*$C$3*$C$5+$C$4*9.81*($C$2*COS($C$7*PI()/180)+SIN($C$7*PI()/180)))*$C$6/AD$2 -> 5.9966805 | AG15: =AD$2*$I15/$C$6 -> 5157.3813 | AJ15: =PI()/30*$H15*$C$6/AI$2*2.23649 -> 19.384829 | AK15: =(0.5*1.2*(AJ15*0.44704)^2*$C$3*$C$5+$C$4*9.81*($C$2*COS($C$7*PI()/180)+SIN($C$7*PI()/180)))*$C$6/AI$2 -> 9.8361378 | AL15: =AI$2*$I15/$C$6 -> 3438.2542 | AO15: =PI()/30*$H15*$C$6/AN$2*2.23649 -> 29.077244 | AP15: =(0.5*1.2*(AO15*0.44704)^2*$C$3*$C$5+$C$4*9.81*($C$2*COS($C$7*PI()/180)+SIN($C$7*PI()/180)))*$C$6/AN$2 -> 17.592977 | AQ15: =AN$2*$I15/$C$6 -> 2292.1694 | AT15: =PI()/30*$H15*$C$6/AS$2*2.23649 -> 38.769658 | AU15: =(0.5*1.2*(AT15*0.44704)^2*$C$3*$C$5+$C$4*9.81*($C$2*COS($C$7*PI()/180)+SIN($C$7*PI()/180)))*$C$6/AS$2 -> 28.75634 | AV15: =AS$2*$I15/$C$6 -> 1719.1271 | AY15: =PI()/30*$H15*$C$6/AX$2*2.23649 -> 48.462073 | AZ15: =(0.5*1.2*(AY15*0.44704)^2*$C$3*$C$5+$C$4*9.81*($C$2*COS($C$7*PI()/180)+SIN($C$7*PI()/180)))*$C$6/AX$2 -> 44.461735 | BA15: =AX$2*$I15/$C$6 -> 1375.3017
G16: x | H16: 1800 | I16: 170 | K16: =10000/($H16*PI()/30) -> 53.051648 | L16: =20000/($H16*PI()/30) -> 106.1033 | M16: =30000/($H16*PI()/30) -> 159.15494 | T16: 42 | U16: =70000/(T16*0.44704) -> 3728.2272 | V16: =0.5*1.2*($T16*0.44704)^2*$C$3*$C$5+$C$4*9.81*($C$2*COS(0*PI()/180)+SIN(0*PI()/180)) -> 316.907 | W16: =0.5*1.2*($T16*0.44704)^2*$C$3*$C$5+$C$4*9.81*($C$2*COS(5*PI()/180)+SIN(5*PI()/180)) -> 1247.3492 | X16: =0.5*1.2*($T16*0.44704)^2*$C$3*$C$5+$C$4*9.81*($C$2*COS(10*PI()/180)+SIN(10*PI()/180)) -> 2169.4093 | Y16: =0.5*1.2*($T16*0.44704)^2*$C$3*$C$5+$C$4*9.81*($C$2*COS(15*PI()/180)+SIN(15*PI()/180)) -> 3076.0699 | Z16: =0.5*1.2*($T16*0.44704)^2*$C$3*$C$5+$C$4*9.81*($C$2*COS(20*PI()/180)+SIN(20*PI()/180)) -> 3960.4307 | AA16: =0.5*1.2*($T16*0.44704)^2*$C$3*$C$5+$C$4*9.81*($C$2*COS(25*PI()/180)+SIN(25*PI()/180)) -> 4815.7612 | AB16: =0.5*1.2*($T16*0.44704)^2*$C$3*$C$5+$C$4*9.81*($C$2*COS(30*PI()/180)+SIN(30*PI()/180)) -> 5635.5518 | AE16: =PI()/30*$H16*$C$6/AD$2*2.23649 -> 13.683409 | AF16: =(0.5*1.2*(AE16*0.44704)^2*$C$3*$C$5+$C$4*9.81*($C$2*COS($C$7*PI()/180)+SIN($C$7*PI()/180)))*$C$6/AD$2 -> 6.0510087 | AG16: =AD$2*$I16/$C$6 -> 5237.484 | AJ16: =PI()/30*$H16*$C$6/AI$2*2.23649 -> 20.525113 | AK16: =(0.5*1.2*(AJ16*0.44704)^2*$C$3*$C$5+$C$4*9.81*($C$2*COS($C$7*PI()/180)+SIN($C$7*PI()/180)))*$C$6/AI$2 -> 10.019495 | AL16: =AI$2*$I16/$C$6 -> 3491.656 | AO16: =PI()/30*$H16*$C$6/AN$2*2.23649 -> 30.78767 | AP16: =(0.5*1.2*(AO16*0.44704)^2*$C$3*$C$5+$C$4*9.81*($C$2*COS($C$7*PI()/180)+SIN($C$7*PI()/180)))*$C$6/AN$2 -> 18.211809 | AQ16: =AN$2*$I16/$C$6 -> 2327.7706 | AT16: =PI()/30*$H16*$C$6/AS$2*2.23649 -> 41.050226 | AU16: =(0.5*1.2*(AT16*0.44704)^2*$C$3*$C$5+$C$4*9.81*($C$2*COS($C$7*PI()/180)+SIN($C$7*PI()/180)))*$C$6/AS$2 -> 30.223201 | AV16: =AS$2*$I16/$C$6 -> 1745.828 | AY16: =PI()/30*$H16*$C$6/AX$2*2.23649 -> 51.312783 | AZ16: =(0.5*1.2*(AY16*0.44704)^2*$C$3*$C$5+$C$4*9.81*($C$2*COS($C$7*PI()/180)+SIN($C$7*PI()/180)))*$C$6/AX$2 -> 47.326699 | BA16: =AX$2*$I16/$C$6 -> 1396.6624
H17: 1900 | I17: 170 | K17: =10000/($H17*PI()/30) -> 50.259456 | L17: =20000/($H17*PI()/30) -> 100.51891 | M17: =30000/($H17*PI()/30) -> 150.77837 | N17: =40000/($H17*PI()/30) -> 201.03782 | T17: 45 | U17: =70000/(T17*0.44704) -> 3479.6787 | V17: =0.5*1.2*($T17*0.44704)^2*$C$3*$C$5+$C$4*9.81*($C$2*COS(0*PI()/180)+SIN(0*PI()/180)) -> 338.50572 | W17: =0.5*1.2*($T17*0.44704)^2*$C$3*$C$5+$C$4*9.81*($C$2*COS(5*PI()/180)+SIN(5*PI()/180)) -> 1268.9479 | X17: =0.5*1.2*($T17*0.44704)^2*$C$3*$C$5+$C$4*9.81*($C$2*COS(10*PI()/180)+SIN(10*PI()/180)) -> 2191.008 | Y17: =0.5*1.2*($T17*0.44704)^2*$C$3*$C$5+$C$4*9.81*($C$2*COS(15*PI()/180)+SIN(15*PI()/180)) -> 3097.6686 | Z17: =0.5*1.2*($T17*0.44704)^2*$C$3*$C$5+$C$4*9.81*($C$2*COS(20*PI()/180)+SIN(20*PI()/180)) -> 3982.0294 | AA17: =0.5*1.2*($T17*0.44704)^2*$C$3*$C$5+$C$4*9.81*($C$2*COS(25*PI()/180)+SIN(25*PI()/180)) -> 4837.3599 | AB17: =0.5*1.2*($T17*0.44704)^2*$C$3*$C$5+$C$4*9.81*($C$2*COS(30*PI()/180)+SIN(30*PI()/180)) -> 5657.1505 | AE17: =PI()/30*$H17*$C$6/AD$2*2.23649 -> 14.443598 | AF17: =(0.5*1.2*(AE17*0.44704)^2*$C$3*$C$5+$C$4*9.81*($C$2*COS($C$7*PI()/180)+SIN($C$7*PI()/180)))*$C$6/AD$2 -> 6.1084414 | AG17: =AD$2*$I17/$C$6 -> 5237.484 | AJ17: =PI()/30*$H17*$C$6/AI$2*2.23649 -> 21.665397 | AK17: =(0.5*1.2*(AJ17*0.44704)^2*$C$3*$C$5+$C$4*9.81*($C$2*COS($C$7*PI()/180)+SIN($C$7*PI()/180)))*$C$6/AI$2 -> 10.213331 | AL17: =AI$2*$I17/$C$6 -> 3491.656 | AO17: =PI()/30*$H17*$C$6/AN$2*2.23649 -> 32.498096 | AP17: =(0.5*1.2*(AO17*0.44704)^2*$C$3*$C$5+$C$4*9.81*($C$2*COS($C$7*PI()/180)+SIN($C$7*PI()/180)))*$C$6/AN$2 -> 18.866003 | AQ17: =AN$2*$I17/$C$6 -> 2327.7706 | AT17: =PI()/30*$H17*$C$6/AS$2*2.23649 -> 43.330794 | AU17: =(0.5*1.2*(AT17*0.44704)^2*$C$3*$C$5+$C$4*9.81*($C$2*COS($C$7*PI()/180)+SIN($C$7*PI()/180)))*$C$6/AS$2 -> 31.773883 | AV17: =AS$2*$I17/$C$6 -> 1745.828 | AY17: =PI()/30*$H17*$C$6/AX$2*2.23649 -> 54.163493 | AZ17: =(0.5*1.2*(AY17*0.44704)^2*$C$3*$C$5+$C$4*9.81*($C$2*COS($C$7*PI()/180)+SIN($C$7*PI()/180)))*$C$6/AX$2 -> 50.355375 | BA17: =AX$2*$I17/$C$6 -> 1396.6624
H18: 2000 | I18: 170 | K18: =10000/($H18*PI()/30) -> 47.746483 | L18: =20000/($H18*PI()/30) -> 95.492966 | M18: =30000/($H18*PI()/30) -> 143.23945 | N18: =40000/($H18*PI()/30) -> 190.98593 | T18: 48 | U18: =70000/(T18*0.44704) -> 3262.1988 | V18: =0.5*1.2*($T18*0.44704)^2*$C$3*$C$5+$C$4*9.81*($C$2*COS(0*PI()/180)+SIN(0*PI()/180)) -> 361.594 | W18: =0.5*1.2*($T18*0.44704)^2*$C$3*$C$5+$C$4*9.81*($C$2*COS(5*PI()/180)+SIN(5*PI()/180)) -> 1292.0362 | X18: =0.5*1.2*($T18*0.44704)^2*$C$3*$C$5+$C$4*9.81*($C$2*COS(10*PI()/180)+SIN(10*PI()/180)) -> 2214.0963 | Y18: =0.5*1.2*($T18*0.44704)^2*$C$3*$C$5+$C$4*9.81*($C$2*COS(15*PI()/180)+SIN(15*PI()/180)) -> 3120.7569 | Z18: =0.5*1.2*($T18*0.44704)^2*$C$3*$C$5+$C$4*9.81*($C$2*COS(20*PI()/180)+SIN(20*PI()/180)) -> 4005.1177 | AA18: =0.5*1.2*($T18*0.44704)^2*$C$3*$C$5+$C$4*9.81*($C$2*COS(25*PI()/180)+SIN(25*PI()/180)) -> 4860.4482 | AB18: =0.5*1.2*($T18*0.44704)^2*$C$3*$C$5+$C$4*9.81*($C$2*COS(30*PI()/180)+SIN(30*PI()/180)) -> 5680.2388 | AE18: =PI()/30*$H18*$C$6/AD$2*2.23649 -> 15.203787 | AF18: =(0.5*1.2*(AE18*0.44704)^2*$C$3*$C$5+$C$4*9.81*($C$2*COS($C$7*PI()/180)+SIN($C$7*PI()/180)))*$C$6/AD$2 -> 6.1689785 | AG18: =AD$2*$I18/$C$6 -> 5237.484 | AJ18: =PI()/30*$H18*$C$6/AI$2*2.23649 -> 22.805681 | AK18: =(0.5*1.2*(AJ18*0.44704)^2*$C$3*$C$5+$C$4*9.81*($C$2*COS($C$7*PI()/180)+SIN($C$7*PI()/180)))*$C$6/AI$2 -> 10.417644 | AL18: =AI$2*$I18/$C$6 -> 3491.656 | AO18: =PI()/30*$H18*$C$6/AN$2*2.23649 -> 34.208522 | AP18: =(0.5*1.2*(AO18*0.44704)^2*$C$3*$C$5+$C$4*9.81*($C$2*COS($C$7*PI()/180)+SIN($C$7*PI()/180)))*$C$6/AN$2 -> 19.555559 | AQ18: =AN$2*$I18/$C$6 -> 2327.7706 | AT18: =PI()/30*$H18*$C$6/AS$2*2.23649 -> 45.611362 | AU18: =(0.5*1.2*(AT18*0.44704)^2*$C$3*$C$5+$C$4*9.81*($C$2*COS($C$7*PI()/180)+SIN($C$7*PI()/180)))*$C$6/AS$2 -> 33.408386 | AV18: =AS$2*$I18/$C$6 -> 1745.828 | AY18: =PI()/30*$H18*$C$6/AX$2*2.23649 -> 57.014203 | AZ18: =(0.5*1.2*(AY18*0.44704)^2*$C$3*$C$5+$C$4*9.81*($C$2*COS($C$7*PI()/180)+SIN($C$7*PI()/180)))*$C$6/AX$2 -> 53.547763 | BA18: =AX$2*$I18/$C$6 -> 1396.6624
H19: 2100 | I19: 170 | K19: =10000/($H19*PI()/30) -> 45.472841 | L19: =20000/($H19*PI()/30) -> 90.945682 | M19: =30000/($H19*PI()/30) -> 136.41852 | N19: =40000/($H19*PI()/30) -> 181.89136 | T19: 51 | U19: =70000/(T19*0.44704) -> 3070.3047 | V19: =0.5*1.2*($T19*0.44704)^2*$C$3*$C$5+$C$4*9.81*($C$2*COS(0*PI()/180)+SIN(0*PI()/180)) -> 386.17186 | W19: =0.5*1.2*($T19*0.44704)^2*$C$3*$C$5+$C$4*9.81*($C$2*COS(5*PI()/180)+SIN(5*PI()/180)) -> 1316.6141 | X19: =0.5*1.2*($T19*0.44704)^2*$C$3*$C$5+$C$4*9.81*($C$2*COS(10*PI()/180)+SIN(10*PI()/180)) -> 2238.6742 | Y19: =0.5*1.2*($T19*0.44704)^2*$C$3*$C$5+$C$4*9.81*($C$2*COS(15*PI()/180)+SIN(15*PI()/180)) -> 3145.3347 | Z19: =0.5*1.2*($T19*0.44704)^2*$C$3*$C$5+$C$4*9.81*($C$2*COS(20*PI()/180)+SIN(20*PI()/180)) -> 4029.6955 | AA19: =0.5*1.2*($T19*0.44704)^2*$C$3*$C$5+$C$4*9.81*($C$2*COS(25*PI()/180)+SIN(25*PI()/180)) -> 4885.026 | AB19: =0.5*1.2*($T19*0.44704)^2*$C$3*$C$5+$C$4*9.81*($C$2*COS(30*PI()/180)+SIN(30*PI()/180)) -> 5704.8167 | AE19: =PI()/30*$H19*$C$6/AD$2*2.23649 -> 15.963977 | AF19: =(0.5*1.2*(AE19*0.44704)^2*$C$3*$C$5+$C$4*9.81*($C$2*COS($C$7*PI()/180)+SIN($C$7*PI()/180)))*$C$6/AD$2 -> 6.2326201 | AG19: =AD$2*$I19/$C$6 -> 5237.484 | AJ19: =PI()/30*$H19*$C$6/AI$2*2.23649 -> 23.945965 | AK19: =(0.5*1.2*(AJ19*0.44704)^2*$C$3*$C$5+$C$4*9.81*($C$2*COS($C$7*PI()/180)+SIN($C$7*PI()/180)))*$C$6/AI$2 -> 10.632434 | AL19: =AI$2*$I19/$C$6 -> 3491.656 | AO19: =PI()/30*$H19*$C$6/AN$2*2.23649 -> 35.918948 | AP19: =(0.5*1.2*(AO19*0.44704)^2*$C$3*$C$5+$C$4*9.81*($C$2*COS($C$7*PI()/180)+SIN($C$7*PI()/180)))*$C$6/AN$2 -> 20.280477 | AQ19: =AN$2*$I19/$C$6 -> 2327.7706 | AT19: =PI()/30*$H19*$C$6/AS$2*2.23649 -> 47.891931 | AU19: =(0.5*1.2*(AT19*0.44704)^2*$C$3*$C$5+$C$4*9.81*($C$2*COS($C$7*PI()/180)+SIN($C$7*PI()/180)))*$C$6/AS$2 -> 35.12671 | AV19: =AS$2*$I19/$C$6 -> 1745.828 | AY19: =PI()/30*$H19*$C$6/AX$2*2.23649 -> 59.864913 | AZ19: =(0.5*1.2*(AY19*0.44704)^2*$C$3*$C$5+$C$4*9.81*($C$2*COS($C$7*PI()/180)+SIN($C$7*PI()/180)))*$C$6/AX$2 -> 56.903864 | BA19: =AX$2*$I19/$C$6 -> 1396.6624
H20: 2200 | I20: 170 | K20: =10000/($H20*PI()/30) -> 43.405894 | L20: =20000/($H20*PI()/30) -> 86.811787 | M20: =30000/($H20*PI()/30) -> 130.21768 | N20: =40000/($H20*PI()/30) -> 173.62357 | T20: 54 | U20: =70000/(T20*0.44704) -> 2899.7322 | V20: =0.5*1.2*($T20*0.44704)^2*$C$3*$C$5+$C$4*9.81*($C$2*COS(0*PI()/180)+SIN(0*PI()/180)) -> 412.23928 | W20: =0.5*1.2*($T20*0.44704)^2*$C$3*$C$5+$C$4*9.81*($C$2*COS(5*PI()/180)+SIN(5*PI()/180)) -> 1342.6815 | X20: =0.5*1.2*($T20*0.44704)^2*$C$3*$C$5+$C$4*9.81*($C$2*COS(10*PI()/180)+SIN(10*PI()/180)) -> 2264.7416 | Y20: =0.5*1.2*($T20*0.44704)^2*$C$3*$C$5+$C$4*9.81*($C$2*COS(15*PI()/180)+SIN(15*PI()/180)) -> 3171.4022 | Z20: =0.5*1.2*($T20*0.44704)^2*$C$3*$C$5+$C$4*9.81*($C$2*COS(20*PI()/180)+SIN(20*PI()/180)) -> 4055.7629 | AA20: =0.5*1.2*($T20*0.44704)^2*$C$3*$C$5+$C$4*9.81*($C$2*COS(25*PI()/180)+SIN(25*PI()/180)) -> 4911.0934 | AB20: =0.5*1.2*($T20*0.44704)^2*$C$3*$C$5+$C$4*9.81*($C$2*COS(30*PI()/180)+SIN(30*PI()/180)) -> 5730.8841 | AE20: =PI()/30*$H20*$C$6/AD$2*2.23649 -> 16.724166 | AF20: =(0.5*1.2*(AE20*0.44704)^2*$C$3*$C$5+$C$4*9.81*($C$2*COS($C$7*PI()/180)+SIN($C$7*PI()/180)))*$C$6/AD$2 -> 6.2993662 | AG20: =AD$2*$I20/$C$6 -> 5237.484 | AJ20: =PI()/30*$H20*$C$6/AI$2*2.23649 -> 25.086249 | AK20: =(0.5*1.2*(AJ20*0.44704)^2*$C$3*$C$5+$C$4*9.81*($C$2*COS($C$7*PI()/180)+SIN($C$7*PI()/180)))*$C$6/AI$2 -> 10.857702 | AL20: =AI$2*$I20/$C$6 -> 3491.656 | AO20: =PI()/30*$H20*$C$6/AN$2*2.23649 -> 37.629374 | AP20: =(0.5*1.2*(AO20*0.44704)^2*$C$3*$C$5+$C$4*9.81*($C$2*COS($C$7*PI()/180)+SIN($C$7*PI()/180)))*$C$6/AN$2 -> 21.040756 | AQ20: =AN$2*$I20/$C$6 -> 2327.7706 | AT20: =PI()/30*$H20*$C$6/AS$2*2.23649 -> 50.172499 | AU20: =(0.5*1.2*(AT20*0.44704)^2*$C$3*$C$5+$C$4*9.81*($C$2*COS($C$7*PI()/180)+SIN($C$7*PI()/180)))*$C$6/AS$2 -> 36.928854 | AV20: =AS$2*$I20/$C$6 -> 1745.828 | AY20: =PI()/30*$H20*$C$6/AX$2*2.23649 -> 62.715623 | AZ20: =(0.5*1.2*(AY20*0.44704)^2*$C$3*$C$5+$C$4*9.81*($C$2*COS($C$7*PI()/180)+SIN($C$7*PI()/180)))*$C$6/AX$2 -> 60.423677 | BA20: =AX$2*$I20/$C$6 -> 1396.6624
H21: 2300 | I21: 170 | K21: =10000/($H21*PI()/30) -> 41.518681 | L21: =20000/($H21*PI()/30) -> 83.037362 | M21: =30000/($H21*PI()/30) -> 124.55604 | N21: =40000/($H21*PI()/30) -> 166.07472 | O21: =50000/($H21*PI()/30) -> 207.5934 | T21: 57 | U21: =70000/(T21*0.44704) -> 2747.1147 | V21: =0.5*1.2*($T21*0.44704)^2*$C$3*$C$5+$C$4*9.81*($C$2*COS(0*PI()/180)+SIN(0*PI()/180)) -> 439.79627 | W21: =0.5*1.2*($T21*0.44704)^2*$C$3*$C$5+$C$4*9.81*($C$2*COS(5*PI()/180)+SIN(5*PI()/180)) -> 1370.2385 | X21: =0.5*1.2*($T21*0.44704)^2*$C$3*$C$5+$C$4*9.81*($C$2*COS(10*PI()/180)+SIN(10*PI()/180)) -> 2292.2986 | Y21: =0.5*1.2*($T21*0.44704)^2*$C$3*$C$5+$C$4*9.81*($C$2*COS(15*PI()/180)+SIN(15*PI()/180)) -> 3198.9591 | Z21: =0.5*1.2*($T21*0.44704)^2*$C$3*$C$5+$C$4*9.81*($C$2*COS(20*PI()/180)+SIN(20*PI()/180)) -> 4083.3199 | AA21: =0.5*1.2*($T21*0.44704)^2*$C$3*$C$5+$C$4*9.81*($C$2*COS(25*PI()/180)+SIN(25*PI()/180)) -> 4938.6504 | AB21: =0.5*1.2*($T21*0.44704)^2*$C$3*$C$5+$C$4*9.81*($C$2*COS(30*PI()/180)+SIN(30*PI()/180)) -> 5758.4411 | AE21: =PI()/30*$H21*$C$6/AD$2*2.23649 -> 17.484356 | AF21: =(0.5*1.2*(AE21*0.44704)^2*$C$3*$C$5+$C$4*9.81*($C$2*COS($C$7*PI()/180)+SIN($C$7*PI()/180)))*$C$6/AD$2 -> 6.3692168 | AG21: =AD$2*$I21/$C$6 -> 5237.484 | AJ21: =PI()/30*$H21*$C$6/AI$2*2.23649 -> 26.226533 | AK21: =(0.5*1.2*(AJ21*0.44704)^2*$C$3*$C$5+$C$4*9.81*($C$2*COS($C$7*PI()/180)+SIN($C$7*PI()/180)))*$C$6/AI$2 -> 11.093448 | AL21: =AI$2*$I21/$C$6 -> 3491.656 | AO21: =PI()/30*$H21*$C$6/AN$2*2.23649 -> 39.3398 | AP21: =(0.5*1.2*(AO21*0.44704)^2*$C$3*$C$5+$C$4*9.81*($C$2*COS($C$7*PI()/180)+SIN($C$7*PI()/180)))*$C$6/AN$2 -> 21.836398 | AQ21: =AN$2*$I21/$C$6 -> 2327.7706 | AT21: =PI()/30*$H21*$C$6/AS$2*2.23649 -> 52.453067 | AU21: =(0.5*1.2*(AT21*0.44704)^2*$C$3*$C$5+$C$4*9.81*($C$2*COS($C$7*PI()/180)+SIN($C$7*PI()/180)))*$C$6/AS$2 -> 38.814819 | AV21: =AS$2*$I21/$C$6 -> 1745.828 | AY21: =PI()/30*$H21*$C$6/AX$2*2.23649 -> 65.566333 | AZ21: =(0.5*1.2*(AY21*0.44704)^2*$C$3*$C$5+$C$4*9.81*($C$2*COS($C$7*PI()/180)+SIN($C$7*PI()/180)))*$C$6/AX$2 -> 64.107202 | BA21: =AX$2*$I21/$C$6 -> 1396.6624
H22: 2400 | I22: 170 | K22: =10000/($H22*PI()/30) -> 39.788736 | L22: =20000/($H22*PI()/30) -> 79.577472 | M22: =30000/($H22*PI()/30) -> 119.36621 | N22: =40000/($H22*PI()/30) -> 159.15494 | O22: =50000/($H22*PI()/30) -> 198.94368 | T22: 60 | U22: =70000/(T22*0.44704) -> 2609.759 | V22: =0.5*1.2*($T22*0.44704)^2*$C$3*$C$5+$C$4*9.81*($C$2*COS(0*PI()/180)+SIN(0*PI()/180)) -> 468.84282 | W22: =0.5*1.2*($T22*0.44704)^2*$C$3*$C$5+$C$4*9.81*($C$2*COS(5*PI()/180)+SIN(5*PI()/180)) -> 1399.285 | X22: =0.5*1.2*($T22*0.44704)^2*$C$3*$C$5+$C$4*9.81*($C$2*COS(10*PI()/180)+SIN(10*PI()/180)) -> 2321.3451 | Y22: =0.5*1.2*($T22*0.44704)^2*$C$3*$C$5+$C$4*9.81*($C$2*COS(15*PI()/180)+SIN(15*PI()/180)) -> 3228.0057 | Z22: =0.5*1.2*($T22*0.44704)^2*$C$3*$C$5+$C$4*9.81*($C$2*COS(20*PI()/180)+SIN(20*PI()/180)) -> 4112.3665 | AA22: =0.5*1.2*($T22*0.44704)^2*$C$3*$C$5+$C$4*9.81*($C$2*COS(25*PI()/180)+SIN(25*PI()/180)) -> 4967.697 | AB22: =0.5*1.2*($T22*0.44704)^2*$C$3*$C$5+$C$4*9.81*($C$2*COS(30*PI()/180)+SIN(30*PI()/180)) -> 5787.4876 | AE22: =PI()/30*$H22*$C$6/AD$2*2.23649 -> 18.244545 | AF22: =(0.5*1.2*(AE22*0.44704)^2*$C$3*$C$5+$C$4*9.81*($C$2*COS($C$7*PI()/180)+SIN($C$7*PI()/180)))*$C$6/AD$2 -> 6.4421718 | AG22: =AD$2*$I22/$C$6 -> 5237.484 | AJ22: =PI()/30*$H22*$C$6/AI$2*2.23649 -> 27.366817 | AK22: =(0.5*1.2*(AJ22*0.44704)^2*$C$3*$C$5+$C$4*9.81*($C$2*COS($C$7*PI()/180)+SIN($C$7*PI()/180)))*$C$6/AI$2 -> 11.339671 | AL22: =AI$2*$I22/$C$6 -> 3491.656 | AO22: =PI()/30*$H22*$C$6/AN$2*2.23649 -> 41.050226 | AP22: =(0.5*1.2*(AO22*0.44704)^2*$C$3*$C$5+$C$4*9.81*($C$2*COS($C$7*PI()/180)+SIN($C$7*PI()/180)))*$C$6/AN$2 -> 22.667401 | AQ22: =AN$2*$I22/$C$6 -> 2327.7706 | AT22: =PI()/30*$H22*$C$6/AS$2*2.23649 -> 54.733635 | AU22: =(0.5*1.2*(AT22*0.44704)^2*$C$3*$C$5+$C$4*9.81*($C$2*COS($C$7*PI()/180)+SIN($C$7*PI()/180)))*$C$6/AS$2 -> 40.784604 | AV22: =AS$2*$I22/$C$6 -> 1745.828 | AY22: =PI()/30*$H22*$C$6/AX$2*2.23649 -> 68.417044 | AZ22: =(0.5*1.2*(AY22*0.44704)^2*$C$3*$C$5+$C$4*9.81*($C$2*COS($C$7*PI()/180)+SIN($C$7*PI()/180)))*$C$6/AX$2 -> 67.954439 | BA22: =AX$2*$I22/$C$6 -> 1396.6624
H23: 2500 | I23: 170 | K23: =10000/($H23*PI()/30) -> 38.197186 | L23: =20000/($H23*PI()/30) -> 76.394373 | M23: =30000/($H23*PI()/30) -> 114.59156 | N23: =40000/($H23*PI()/30) -> 152.78875 | O23: =50000/($H23*PI()/30) -> 190.98593 | T23: 63 | U23: =70000/(T23*0.44704) -> 2485.4848 | V23: =0.5*1.2*($T23*0.44704)^2*$C$3*$C$5+$C$4*9.81*($C$2*COS(0*PI()/180)+SIN(0*PI()/180)) -> 499.37894 | W23: =0.5*1.2*($T23*0.44704)^2*$C$3*$C$5+$C$4*9.81*($C$2*COS(5*PI()/180)+SIN(5*PI()/180)) -> 1429.8211 | X23: =0.5*1.2*($T23*0.44704)^2*$C$3*$C$5+$C$4*9.81*($C$2*COS(10*PI()/180)+SIN(10*PI()/180)) -> 2351.8813 | Y23: =0.5*1.2*($T23*0.44704)^2*$C$3*$C$5+$C$4*9.81*($C$2*COS(15*PI()/180)+SIN(15*PI()/180)) -> 3258.5418 | Z23: =0.5*1.2*($T23*0.44704)^2*$C$3*$C$5+$C$4*9.81*($C$2*COS(20*PI()/180)+SIN(20*PI()/180)) -> 4142.9026 | AA23: =0.5*1.2*($T23*0.44704)^2*$C$3*$C$5+$C$4*9.81*($C$2*COS(25*PI()/180)+SIN(25*PI()/180)) -> 4998.2331 | AB23: =0.5*1.2*($T23*0.44704)^2*$C$3*$C$5+$C$4*9.81*($C$2*COS(30*PI()/180)+SIN(30*PI()/180)) -> 5818.0237 | AE23: =PI()/30*$H23*$C$6/AD$2*2.23649 -> 19.004734 | AF23: =(0.5*1.2*(AE23*0.44704)^2*$C$3*$C$5+$C$4*9.81*($C$2*COS($C$7*PI()/180)+SIN($C$7*PI()/180)))*$C$6/AD$2 -> 6.5182313 | AG23: =AD$2*$I23/$C$6 -> 5237.484 | AJ23: =PI()/30*$H23*$C$6/AI$2*2.23649 -> 28.507102 | AK23: =(0.5*1.2*(AJ23*0.44704)^2*$C$3*$C$5+$C$4*9.81*($C$2*COS($C$7*PI()/180)+SIN($C$7*PI()/180)))*$C$6/AI$2 -> 11.596372 | AL23: =AI$2*$I23/$C$6 -> 3491.656 | AO23: =PI()/30*$H23*$C$6/AN$2*2.23649 -> 42.760652 | AP23: =(0.5*1.2*(AO23*0.44704)^2*$C$3*$C$5+$C$4*9.81*($C$2*COS($C$7*PI()/180)+SIN($C$7*PI()/180)))*$C$6/AN$2 -> 23.533766 | AQ23: =AN$2*$I23/$C$6 -> 2327.7706 | AT23: =PI()/30*$H23*$C$6/AS$2*2.23649 -> 57.014203 | AU23: =(0.5*1.2*(AT23*0.44704)^2*$C$3*$C$5+$C$4*9.81*($C$2*COS($C$7*PI()/180)+SIN($C$7*PI()/180)))*$C$6/AS$2 -> 42.83821 | AV23: =AS$2*$I23/$C$6 -> 1745.828 | AY23: =PI()/30*$H23*$C$6/AX$2*2.23649 -> 71.267754 | AZ23: =(0.5*1.2*(AY23*0.44704)^2*$C$3*$C$5+$C$4*9.81*($C$2*COS($C$7*PI()/180)+SIN($C$7*PI()/180)))*$C$6/AX$2 -> 71.965389 | BA23: =AX$2*$I23/$C$6 -> 1396.6624
H24: 2600 | I24: 170 | K24: =10000/($H24*PI()/30) -> 36.728064 | L24: =20000/($H24*PI()/30) -> 73.456128 | M24: =30000/($H24*PI()/30) -> 110.18419 | N24: =40000/($H24*PI()/30) -> 146.91226 | O24: =50000/($H24*PI()/30) -> 183.64032 | T24: 66 | U24: =70000/(T24*0.44704) -> 2372.5082 | V24: =0.5*1.2*($T24*0.44704)^2*$C$3*$C$5+$C$4*9.81*($C$2*COS(0*PI()/180)+SIN(0*PI()/180)) -> 531.40463 | W24: =0.5*1.2*($T24*0.44704)^2*$C$3*$C$5+$C$4*9.81*($C$2*COS(5*PI()/180)+SIN(5*PI()/180)) -> 1461.8468 | X24: =0.5*1.2*($T24*0.44704)^2*$C$3*$C$5+$C$4*9.81*($C$2*COS(10*PI()/180)+SIN(10*PI()/180)) -> 2383.9069 | Y24: =0.5*1.2*($T24*0.44704)^2*$C$3*$C$5+$C$4*9.81*($C$2*COS(15*PI()/180)+SIN(15*PI()/180)) -> 3290.5675 | Z24: =0.5*1.2*($T24*0.44704)^2*$C$3*$C$5+$C$4*9.81*($C$2*COS(20*PI()/180)+SIN(20*PI()/180)) -> 4174.9283 | AA24: =0.5*1.2*($T24*0.44704)^2*$C$3*$C$5+$C$4*9.81*($C$2*COS(25*PI()/180)+SIN(25*PI()/180)) -> 5030.2588 | AB24: =0.5*1.2*($T24*0.44704)^2*$C$3*$C$5+$C$4*9.81*($C$2*COS(30*PI()/180)+SIN(30*PI()/180)) -> 5850.0494 | AE24: =PI()/30*$H24*$C$6/AD$2*2.23649 -> 19.764924 | AF24: =(0.5*1.2*(AE24*0.44704)^2*$C$3*$C$5+$C$4*9.81*($C$2*COS($C$7*PI()/180)+SIN($C$7*PI()/180)))*$C$6/AD$2 -> 6.5973952 | AG24: =AD$2*$I24/$C$6 -> 5237.484 | AJ24: =PI()/30*$H24*$C$6/AI$2*2.23649 -> 29.647386 | AK24: =(0.5*1.2*(AJ24*0.44704)^2*$C$3*$C$5+$C$4*9.81*($C$2*COS($C$7*PI()/180)+SIN($C$7*PI()/180)))*$C$6/AI$2 -> 11.86355 | AL24: =AI$2*$I24/$C$6 -> 3491.656 | AO24: =PI()/30*$H24*$C$6/AN$2*2.23649 -> 44.471078 | AP24: =(0.5*1.2*(AO24*0.44704)^2*$C$3*$C$5+$C$4*9.81*($C$2*COS($C$7*PI()/180)+SIN($C$7*PI()/180)))*$C$6/AN$2 -> 24.435493 | AQ24: =AN$2*$I24/$C$6 -> 2327.7706 | AT24: =PI()/30*$H24*$C$6/AS$2*2.23649 -> 59.294771 | AU24: =(0.5*1.2*(AT24*0.44704)^2*$C$3*$C$5+$C$4*9.81*($C$2*COS($C$7*PI()/180)+SIN($C$7*PI()/180)))*$C$6/AS$2 -> 44.975637 | AV24: =AS$2*$I24/$C$6 -> 1745.828 | AY24: =PI()/30*$H24*$C$6/AX$2*2.23649 -> 74.118464 | AZ24: =(0.5*1.2*(AY24*0.44704)^2*$C$3*$C$5+$C$4*9.81*($C$2*COS($C$7*PI()/180)+SIN($C$7*PI()/180)))*$C$6/AX$2 -> 76.14005 | BA24: =AX$2*$I24/$C$6 -> 1396.6624
H25: 2700 | I25: 170 | K25: =10000/($H25*PI()/30) -> 35.367765 | L25: =20000/($H25*PI()/30) -> 70.73553 | M25: =30000/($H25*PI()/30) -> 106.1033 | N25: =40000/($H25*PI()/30) -> 141.47106 | O25: =50000/($H25*PI()/30) -> 176.83883 | T25: 69 | U25: =70000/(T25*0.44704) -> 2269.3557 | V25: =0.5*1.2*($T25*0.44704)^2*$C$3*$C$5+$C$4*9.81*($C$2*COS(0*PI()/180)+SIN(0*PI()/180)) -> 564.91989 | W25: =0.5*1.2*($T25*0.44704)^2*$C$3*$C$5+$C$4*9.81*($C$2*COS(5*PI()/180)+SIN(5*PI()/180)) -> 1495.3621 | X25: =0.5*1.2*($T25*0.44704)^2*$C$3*$C$5+$C$4*9.81*($C$2*COS(10*PI()/180)+SIN(10*PI()/180)) -> 2417.4222 | Y25: =0.5*1.2*($T25*0.44704)^2*$C$3*$C$5+$C$4*9.81*($C$2*COS(15*PI()/180)+SIN(15*PI()/180)) -> 3324.0828 | Z25: =0.5*1.2*($T25*0.44704)^2*$C$3*$C$5+$C$4*9.81*($C$2*COS(20*PI()/180)+SIN(20*PI()/180)) -> 4208.4436 | AA25: =0.5*1.2*($T25*0.44704)^2*$C$3*$C$5+$C$4*9.81*($C$2*COS(25*PI()/180)+SIN(25*PI()/180)) -> 5063.7741 | AB25: =0.5*1.2*($T25*0.44704)^2*$C$3*$C$5+$C$4*9.81*($C$2*COS(30*PI()/180)+SIN(30*PI()/180)) -> 5883.5647 | AE25: =PI()/30*$H25*$C$6/AD$2*2.23649 -> 20.525113 | AF25: =(0.5*1.2*(AE25*0.44704)^2*$C$3*$C$5+$C$4*9.81*($C$2*COS($C$7*PI()/180)+SIN($C$7*PI()/180)))*$C$6/AD$2 -> 6.6796637 | AG25: =AD$2*$I25/$C$6 -> 5237.484 | AJ25: =PI()/30*$H25*$C$6/AI$2*2.23649 -> 30.78767 | AK25: =(0.5*1.2*(AJ25*0.44704)^2*$C$3*$C$5+$C$4*9.81*($C$2*COS($C$7*PI()/180)+SIN($C$7*PI()/180)))*$C$6/AI$2 -> 12.141206 | AL25: =AI$2*$I25/$C$6 -> 3491.656 | AO25: =PI()/30*$H25*$C$6/AN$2*2.23649 -> 46.181504 | AP25: =(0.5*1.2*(AO25*0.44704)^2*$C$3*$C$5+$C$4*9.81*($C$2*COS($C$7*PI()/180)+SIN($C$7*PI()/180)))*$C$6/AN$2 -> 25.372582 | AQ25: =AN$2*$I25/$C$6 -> 2327.7706 | AT25: =PI()/30*$H25*$C$6/AS$2*2.23649 -> 61.575339 | AU25: =(0.5*1.2*(AT25*0.44704)^2*$C$3*$C$5+$C$4*9.81*($C$2*COS($C$7*PI()/180)+SIN($C$7*PI()/180)))*$C$6/AS$2 -> 47.196885 | AV25: =AS$2*$I25/$C$6 -> 1745.828 | AY25: =PI()/30*$H25*$C$6/AX$2*2.23649 -> 76.969174 | AZ25: =(0.5*1.2*(AY25*0.44704)^2*$C$3*$C$5+$C$4*9.81*($C$2*COS($C$7*PI()/180)+SIN($C$7*PI()/180)))*$C$6/AX$2 -> 80.478424 | BA25: =AX$2*$I25/$C$6 -> 1396.6624
H26: 2800 | I26: 170 | K26: =10000/($H26*PI()/30) -> 34.104631 | L26: =20000/($H26*PI()/30) -> 68.209261 | M26: =30000/($H26*PI()/30) -> 102.31389 | N26: =40000/($H26*PI()/30) -> 136.41852 | O26: =50000/($H26*PI()/30) -> 170.52315 | P26: =60000/($H26*PI()/30) -> 204.62778 | T26: 72 | U26: =70000/(T26*0.44704) -> 2174.7992 | V26: =0.5*1.2*($T26*0.44704)^2*$C$3*$C$5+$C$4*9.81*($C$2*COS(0*PI()/180)+SIN(0*PI()/180)) -> 599.92471 | W26: =0.5*1.2*($T26*0.44704)^2*$C$3*$C$5+$C$4*9.81*($C$2*COS(5*PI()/180)+SIN(5*PI()/180)) -> 1530.3669 | X26: =0.5*1.2*($T26*0.44704)^2*$C$3*$C$5+$C$4*9.81*($C$2*COS(10*PI()/180)+SIN(10*PI()/180)) -> 2452.427 | Y26: =0.5*1.2*($T26*0.44704)^2*$C$3*$C$5+$C$4*9.81*($C$2*COS(15*PI()/180)+SIN(15*PI()/180)) -> 3359.0876 | Z26: =0.5*1.2*($T26*0.44704)^2*$C$3*$C$5+$C$4*9.81*($C$2*COS(20*PI()/180)+SIN(20*PI()/180)) -> 4243.4484 | AA26: =0.5*1.2*($T26*0.44704)^2*$C$3*$C$5+$C$4*9.81*($C$2*COS(25*PI()/180)+SIN(25*PI()/180)) -> 5098.7789 | AB26: =0.5*1.2*($T26*0.44704)^2*$C$3*$C$5+$C$4*9.81*($C$2*COS(30*PI()/180)+SIN(30*PI()/180)) -> 5918.5695 | AE26: =PI()/30*$H26*$C$6/AD$2*2.23649 -> 21.285302 | AF26: =(0.5*1.2*(AE26*0.44704)^2*$C$3*$C$5+$C$4*9.81*($C$2*COS($C$7*PI()/180)+SIN($C$7*PI()/180)))*$C$6/AD$2 -> 6.7650365 | AG26: =AD$2*$I26/$C$6 -> 5237.484 | AJ26: =PI()/30*$H26*$C$6/AI$2*2.23649 -> 31.927954 | AK26: =(0.5*1.2*(AJ26*0.44704)^2*$C$3*$C$5+$C$4*9.81*($C$2*COS($C$7*PI()/180)+SIN($C$7*PI()/180)))*$C$6/AI$2 -> 12.429339 | AL26: =AI$2*$I26/$C$6 -> 3491.656 | AO26: =PI()/30*$H26*$C$6/AN$2*2.23649 -> 47.891931 | AP26: =(0.5*1.2*(AO26*0.44704)^2*$C$3*$C$5+$C$4*9.81*($C$2*COS($C$7*PI()/180)+SIN($C$7*PI()/180)))*$C$6/AN$2 -> 26.345032 | AQ26: =AN$2*$I26/$C$6 -> 2327.7706 | AT26: =PI()/30*$H26*$C$6/AS$2*2.23649 -> 63.855907 | AU26: =(0.5*1.2*(AT26*0.44704)^2*$C$3*$C$5+$C$4*9.81*($C$2*COS($C$7*PI()/180)+SIN($C$7*PI()/180)))*$C$6/AS$2 -> 49.501953 | AV26: =AS$2*$I26/$C$6 -> 1745.828 | AY26: =PI()/30*$H26*$C$6/AX$2*2.23649 -> 79.819884 | AZ26: =(0.5*1.2*(AY26*0.44704)^2*$C$3*$C$5+$C$4*9.81*($C$2*COS($C$7*PI()/180)+SIN($C$7*PI()/180)))*$C$6/AX$2 -> 84.980511 | BA26: =AX$2*$I26/$C$6 -> 1396.6624
H27: 2900 | I27: 170 | K27: =10000/($H27*PI()/30) -> 32.928609 | L27: =20000/($H27*PI()/30) -> 65.857218 | M27: =30000/($H27*PI()/30) -> 98.785827 | N27: =40000/($H27*PI()/30) -> 131.71444 | O27: =50000/($H27*PI()/30) -> 164.64304 | P27: =60000/($H27*PI()/30) -> 197.57165 | T27: 75 | U27: =70000/(T27*0.44704) -> 2087.8072 | V27: =0.5*1.2*($T27*0.44704)^2*$C$3*$C$5+$C$4*9.81*($C$2*COS(0*PI()/180)+SIN(0*PI()/180)) -> 636.4191 | W27: =0.5*1.2*($T27*0.44704)^2*$C$3*$C$5+$C$4*9.81*($C$2*COS(5*PI()/180)+SIN(5*PI()/180)) -> 1566.8613 | X27: =0.5*1.2*($T27*0.44704)^2*$C$3*$C$5+$C$4*9.81*($C$2*COS(10*PI()/180)+SIN(10*PI()/180)) -> 2488.9214 | Y27: =0.5*1.2*($T27*0.44704)^2*$C$3*$C$5+$C$4*9.81*($C$2*COS(15*PI()/180)+SIN(15*PI()/180)) -> 3395.582 | Z27: =0.5*1.2*($T27*0.44704)^2*$C$3*$C$5+$C$4*9.81*($C$2*COS(20*PI()/180)+SIN(20*PI()/180)) -> 4279.9428 | AA27: =0.5*1.2*($T27*0.44704)^2*$C$3*$C$5+$C$4*9.81*($C$2*COS(25*PI()/180)+SIN(25*PI()/180)) -> 5135.2733 | AB27: =0.5*1.2*($T27*0.44704)^2*$C$3*$C$5+$C$4*9.81*($C$2*COS(30*PI()/180)+SIN(30*PI()/180)) -> 5955.0639 | AE27: =PI()/30*$H27*$C$6/AD$2*2.23649 -> 22.045492 | AF27: =(0.5*1.2*(AE27*0.44704)^2*$C$3*$C$5+$C$4*9.81*($C$2*COS($C$7*PI()/180)+SIN($C$7*PI()/180)))*$C$6/AD$2 -> 6.8535139 | AG27: =AD$2*$I27/$C$6 -> 5237.484 | AJ27: =PI()/30*$H27*$C$6/AI$2*2.23649 -> 33.068238 | AK27: =(0.5*1.2*(AJ27*0.44704)^2*$C$3*$C$5+$C$4*9.81*($C$2*COS($C$7*PI()/180)+SIN($C$7*PI()/180)))*$C$6/AI$2 -> 12.727951 | AL27: =AI$2*$I27/$C$6 -> 3491.656 | AO27: =PI()/30*$H27*$C$6/AN$2*2.23649 -> 49.602357 | AP27: =(0.5*1.2*(AO27*0.44704)^2*$C$3*$C$5+$C$4*9.81*($C$2*COS($C$7*PI()/180)+SIN($C$7*PI()/180)))*$C$6/AN$2 -> 27.352845 | AQ27: =AN$2*$I27/$C$6 -> 2327.7706 | AT27: =PI()/30*$H27*$C$6/AS$2*2.23649 -> 66.136476 | AU27: =(0.5*1.2*(AT27*0.44704)^2*$C$3*$C$5+$C$4*9.81*($C$2*COS($C$7*PI()/180)+SIN($C$7*PI()/180)))*$C$6/AS$2 -> 51.890842 | AV27: =AS$2*$I27/$C$6 -> 1745.828 | AY27: =PI()/30*$H27*$C$6/AX$2*2.23649 -> 82.670594 | AZ27: =(0.5*1.2*(AY27*0.44704)^2*$C$3*$C$5+$C$4*9.81*($C$2*COS($C$7*PI()/180)+SIN($C$7*PI()/180)))*$C$6/AX$2 -> 89.646309 | BA27: =AX$2*$I27/$C$6 -> 1396.6624
H28: 3000 | I28: 170 | K28: =10000/($H28*PI()/30) -> 31.830989 | L28: =20000/($H28*PI()/30) -> 63.661977 | M28: =30000/($H28*PI()/30) -> 95.492966 | N28: =40000/($H28*PI()/30) -> 127.32395 | O28: =50000/($H28*PI()/30) -> 159.15494 | P28: =60000/($H28*PI()/30) -> 190.98593 | T28: 78 | U28: =70000/(T28*0.44704) -> 2007.5069 | V28: =0.5*1.2*($T28*0.44704)^2*$C$3*$C$5+$C$4*9.81*($C$2*COS(0*PI()/180)+SIN(0*PI()/180)) -> 674.40306 | W28: =0.5*1.2*($T28*0.44704)^2*$C$3*$C$5+$C$4*9.81*($C$2*COS(5*PI()/180)+SIN(5*PI()/180)) -> 1604.8453 | X28: =0.5*1.2*($T28*0.44704)^2*$C$3*$C$5+$C$4*9.81*($C$2*COS(10*PI()/180)+SIN(10*PI()/180)) -> 2526.9054 | Y28: =0.5*1.2*($T28*0.44704)^2*$C$3*$C$5+$C$4*9.81*($C$2*COS(15*PI()/180)+SIN(15*PI()/180)) -> 3433.5659 | Z28: =0.5*1.2*($T28*0.44704)^2*$C$3*$C$5+$C$4*9.81*($C$2*COS(20*PI()/180)+SIN(20*PI()/180)) -> 4317.9267 | AA28: =0.5*1.2*($T28*0.44704)^2*$C$3*$C$5+$C$4*9.81*($C$2*COS(25*PI()/180)+SIN(25*PI()/180)) -> 5173.2572 | AB28: =0.5*1.2*($T28*0.44704)^2*$C$3*$C$5+$C$4*9.81*($C$2*COS(30*PI()/180)+SIN(30*PI()/180)) -> 5993.0479 | AE28: =PI()/30*$H28*$C$6/AD$2*2.23649 -> 22.805681 | AF28: =(0.5*1.2*(AE28*0.44704)^2*$C$3*$C$5+$C$4*9.81*($C$2*COS($C$7*PI()/180)+SIN($C$7*PI()/180)))*$C$6/AD$2 -> 6.9450957 | AG28: =AD$2*$I28/$C$6 -> 5237.484 | AJ28: =PI()/30*$H28*$C$6/AI$2*2.23649 -> 34.208522 | AK28: =(0.5*1.2*(AJ28*0.44704)^2*$C$3*$C$5+$C$4*9.81*($C$2*COS($C$7*PI()/180)+SIN($C$7*PI()/180)))*$C$6/AI$2 -> 13.037039 | AL28: =AI$2*$I28/$C$6 -> 3491.656 | AO28: =PI()/30*$H28*$C$6/AN$2*2.23649 -> 51.312783 | AP28: =(0.5*1.2*(AO28*0.44704)^2*$C$3*$C$5+$C$4*9.81*($C$2*COS($C$7*PI()/180)+SIN($C$7*PI()/180)))*$C$6/AN$2 -> 28.396019 | AQ28: =AN$2*$I28/$C$6 -> 2327.7706 | AT28: =PI()/30*$H28*$C$6/AS$2*2.23649 -> 68.417044 | AU28: =(0.5*1.2*(AT28*0.44704)^2*$C$3*$C$5+$C$4*9.81*($C$2*COS($C$7*PI()/180)+SIN($C$7*PI()/180)))*$C$6/AS$2 -> 54.363551 | AV28: =AS$2*$I28/$C$6 -> 1745.828 | AY28: =PI()/30*$H28*$C$6/AX$2*2.23649 -> 85.521305 | AZ28: =(0.5*1.2*(AY28*0.44704)^2*$C$3*$C$5+$C$4*9.81*($C$2*COS($C$7*PI()/180)+SIN($C$7*PI()/180)))*$C$6/AX$2 -> 94.47582 | BA28: =AX$2*$I28/$C$6 -> 1396.6624
H29: 3100 | I29: 170 | K29: =10000/($H29*PI()/30) -> 30.804183 | L29: =20000/($H29*PI()/30) -> 61.608365 | M29: =30000/($H29*PI()/30) -> 92.412548 | N29: =40000/($H29*PI()/30) -> 123.21673 | O29: =50000/($H29*PI()/30) -> 154.02091 | P29: =60000/($H29*PI()/30) -> 184.8251 | T29: 81 | U29: =70000/(T29*0.44704) -> 1933.1548 | V29: =0.5*1.2*($T29*0.44704)^2*$C$3*$C$5+$C$4*9.81*($C$2*COS(0*PI()/180)+SIN(0*PI()/180)) -> 713.87658 | W29: =0.5*1.2*($T29*0.44704)^2*$C$3*$C$5+$C$4*9.81*($C$2*COS(5*PI()/180)+SIN(5*PI()/180)) -> 1644.3188 | X29: =0.5*1.2*($T29*0.44704)^2*$C$3*$C$5+$C$4*9.81*($C$2*COS(10*PI()/180)+SIN(10*PI()/180)) -> 2566.3789 | Y29: =0.5*1.2*($T29*0.44704)^2*$C$3*$C$5+$C$4*9.81*($C$2*COS(15*PI()/180)+SIN(15*PI()/180)) -> 3473.0395 | Z29: =0.5*1.2*($T29*0.44704)^2*$C$3*$C$5+$C$4*9.81*($C$2*COS(20*PI()/180)+SIN(20*PI()/180)) -> 4357.4002 | AA29: =0.5*1.2*($T29*0.44704)^2*$C$3*$C$5+$C$4*9.81*($C$2*COS(25*PI()/180)+SIN(25*PI()/180)) -> 5212.7307 | AB29: =0.5*1.2*($T29*0.44704)^2*$C$3*$C$5+$C$4*9.81*($C$2*COS(30*PI()/180)+SIN(30*PI()/180)) -> 6032.5214 | AE29: =PI()/30*$H29*$C$6/AD$2*2.23649 -> 23.565871 | AF29: =(0.5*1.2*(AE29*0.44704)^2*$C$3*$C$5+$C$4*9.81*($C$2*COS($C$7*PI()/180)+SIN($C$7*PI()/180)))*$C$6/AD$2 -> 7.039782 | AG29: =AD$2*$I29/$C$6 -> 5237.484 | AJ29: =PI()/30*$H29*$C$6/AI$2*2.23649 -> 35.348806 | AK29: =(0.5*1.2*(AJ29*0.44704)^2*$C$3*$C$5+$C$4*9.81*($C$2*COS($C$7*PI()/180)+SIN($C$7*PI()/180)))*$C$6/AI$2 -> 13.356606 | AL29: =AI$2*$I29/$C$6 -> 3491.656 | AO29: =PI()/30*$H29*$C$6/AN$2*2.23649 -> 53.023209 | AP29: =(0.5*1.2*(AO29*0.44704)^2*$C$3*$C$5+$C$4*9.81*($C$2*COS($C$7*PI()/180)+SIN($C$7*PI()/180)))*$C$6/AN$2 -> 29.474555 | AQ29: =AN$2*$I29/$C$6 -> 2327.7706 | AT29: =PI()/30*$H29*$C$6/AS$2*2.23649 -> 70.697612 | AU29: =(0.5*1.2*(AT29*0.44704)^2*$C$3*$C$5+$C$4*9.81*($C$2*COS($C$7*PI()/180)+SIN($C$7*PI()/180)))*$C$6/AS$2 -> 56.920081 | AV29: =AS$2*$I29/$C$6 -> 1745.828 | AY29: =PI()/30*$H29*$C$6/AX$2*2.23649 -> 88.372015 | AZ29: =(0.5*1.2*(AY29*0.44704)^2*$C$3*$C$5+$C$4*9.81*($C$2*COS($C$7*PI()/180)+SIN($C$7*PI()/180)))*$C$6/AX$2 -> 99.469043 | BA29: =AX$2*$I29/$C$6 -> 1396.6624
H30: 3200 | I30: 170 | K30: =10000/($H30*PI()/30) -> 29.841552 | L30: =20000/($H30*PI()/30) -> 59.683104 | M30: =30000/($H30*PI()/30) -> 89.524655 | N30: =40000/($H30*PI()/30) -> 119.36621 | O30: =50000/($H30*PI()/30) -> 149.20776 | P30: =60000/($H30*PI()/30) -> 179.04931 | T30: 84 | U30: =70000/(T30*0.44704) -> 1864.1136 | V30: =0.5*1.2*($T30*0.44704)^2*$C$3*$C$5+$C$4*9.81*($C$2*COS(0*PI()/180)+SIN(0*PI()/180)) -> 754.83967 | W30: =0.5*1.2*($T30*0.44704)^2*$C$3*$C$5+$C$4*9.81*($C$2*COS(5*PI()/180)+SIN(5*PI()/180)) -> 1685.2819 | X30: =0.5*1.2*($T30*0.44704)^2*$C$3*$C$5+$C$4*9.81*($C$2*COS(10*PI()/180)+SIN(10*PI()/180)) -> 2607.342 | Y30: =0.5*1.2*($T30*0.44704)^2*$C$3*$C$5+$C$4*9.81*($C$2*COS(15*PI()/180)+SIN(15*PI()/180)) -> 3514.0025 | Z30: =0.5*1.2*($T30*0.44704)^2*$C$3*$C$5+$C$4*9.81*($C$2*COS(20*PI()/180)+SIN(20*PI()/180)) -> 4398.3633 | AA30: =0.5*1.2*($T30*0.44704)^2*$C$3*$C$5+$C$4*9.81*($C$2*COS(25*PI()/180)+SIN(25*PI()/180)) -> 5253.6938 | AB30: =0.5*1.2*($T30*0.44704)^2*$C$3*$C$5+$C$4*9.81*($C$2*COS(30*PI()/180)+SIN(30*PI()/180)) -> 6073.4845 | AE30: =PI()/30*$H30*$C$6/AD$2*2.23649 -> 24.32606 | AF30: =(0.5*1.2*(AE30*0.44704)^2*$C$3*$C$5+$C$4*9.81*($C$2*COS($C$7*PI()/180)+SIN($C$7*PI()/180)))*$C$6/AD$2 -> 7.1375728 | AG30: =AD$2*$I30/$C$6 -> 5237.484 | AJ30: =PI()/30*$H30*$C$6/AI$2*2.23649 -> 36.48909 | AK30: =(0.5*1.2*(AJ30*0.44704)^2*$C$3*$C$5+$C$4*9.81*($C$2*COS($C$7*PI()/180)+SIN($C$7*PI()/180)))*$C$6/AI$2 -> 13.686649 | AL30: =AI$2*$I30/$C$6 -> 3491.656 | AO30: =PI()/30*$H30*$C$6/AN$2*2.23649 -> 54.733635 | AP30: =(0.5*1.2*(AO30*0.44704)^2*$C$3*$C$5+$C$4*9.81*($C$2*COS($C$7*PI()/180)+SIN($C$7*PI()/180)))*$C$6/AN$2 -> 30.588453 | AQ30: =AN$2*$I30/$C$6 -> 2327.7706 | AT30: =PI()/30*$H30*$C$6/AS$2*2.23649 -> 72.97818 | AU30: =(0.5*1.2*(AT30*0.44704)^2*$C$3*$C$5+$C$4*9.81*($C$2*COS($C$7*PI()/180)+SIN($C$7*PI()/180)))*$C$6/AS$2 -> 59.560432 | AV30: =AS$2*$I30/$C$6 -> 1745.828 | AY30: =PI()/30*$H30*$C$6/AX$2*2.23649 -> 91.222725 | AZ30: =(0.5*1.2*(AY30*0.44704)^2*$C$3*$C$5+$C$4*9.81*($C$2*COS($C$7*PI()/180)+SIN($C$7*PI()/180)))*$C$6/AX$2 -> 104.62598 | BA30: =AX$2*$I30/$C$6 -> 1396.6624
H31: 3300 | I31: 170 | K31: =10000/($H31*PI()/30) -> 28.937262 | L31: =20000/($H31*PI()/30) -> 57.874525 | M31: =30000/($H31*PI()/30) -> 86.811787 | N31: =40000/($H31*PI()/30) -> 115.74905 | O31: =50000/($H31*PI()/30) -> 144.68631 | P31: =60000/($H31*PI()/30) -> 173.62357 | Q31: =70000/($H31*PI()/30) -> 202.56084 | T31: 87 | U31: =70000/(T31*0.44704) -> 1799.8338 | V31: =0.5*1.2*($T31*0.44704)^2*$C$3*$C$5+$C$4*9.81*($C$2*COS(0*PI()/180)+SIN(0*PI()/180)) -> 797.29233 | W31: =0.5*1.2*($T31*0.44704)^2*$C$3*$C$5+$C$4*9.81*($C$2*COS(5*PI()/180)+SIN(5*PI()/180)) -> 1727.7345 | X31: =0.5*1.2*($T31*0.44704)^2*$C$3*$C$5+$C$4*9.81*($C$2*COS(10*PI()/180)+SIN(10*PI()/180)) -> 2649.7946 | Y31: =0.5*1.2*($T31*0.44704)^2*$C$3*$C$5+$C$4*9.81*($C$2*COS(15*PI()/180)+SIN(15*PI()/180)) -> 3556.4552 | Z31: =0.5*1.2*($T31*0.44704)^2*$C$3*$C$5+$C$4*9.81*($C$2*COS(20*PI()/180)+SIN(20*PI()/180)) -> 4440.816 | AA31: =0.5*1.2*($T31*0.44704)^2*$C$3*$C$5+$C$4*9.81*($C$2*COS(25*PI()/180)+SIN(25*PI()/180)) -> 5296.1465 | AB31: =0.5*1.2*($T31*0.44704)^2*$C$3*$C$5+$C$4*9.81*($C$2*COS(30*PI()/180)+SIN(30*PI()/180)) -> 6115.9371 | AE31: =PI()/30*$H31*$C$6/AD$2*2.23649 -> 25.086249 | AF31: =(0.5*1.2*(AE31*0.44704)^2*$C$3*$C$5+$C$4*9.81*($C$2*COS($C$7*PI()/180)+SIN($C$7*PI()/180)))*$C$6/AD$2 -> 7.2384681 | AG31: =AD$2*$I31/$C$6 -> 5237.484 | AJ31: =PI()/30*$H31*$C$6/AI$2*2.23649 -> 37.629374 | AK31: =(0.5*1.2*(AJ31*0.44704)^2*$C$3*$C$5+$C$4*9.81*($C$2*COS($C$7*PI()/180)+SIN($C$7*PI()/180)))*$C$6/AI$2 -> 14.027171 | AL31: =AI$2*$I31/$C$6 -> 3491.656 | AO31: =PI()/30*$H31*$C$6/AN$2*2.23649 -> 56.444061 | AP31: =(0.5*1.2*(AO31*0.44704)^2*$C$3*$C$5+$C$4*9.81*($C$2*COS($C$7*PI()/180)+SIN($C$7*PI()/180)))*$C$6/AN$2 -> 31.737713 | AQ31: =AN$2*$I31/$C$6 -> 2327.7706 | AT31: =PI()/30*$H31*$C$6/AS$2*2.23649 -> 75.258748 | AU31: =(0.5*1.2*(AT31*0.44704)^2*$C$3*$C$5+$C$4*9.81*($C$2*COS($C$7*PI()/180)+SIN($C$7*PI()/180)))*$C$6/AS$2 -> 62.284604 | AV31: =AS$2*$I31/$C$6 -> 1745.828 | AY31: =PI()/30*$H31*$C$6/AX$2*2.23649 -> 94.073435 | AZ31: =(0.5*1.2*(AY31*0.44704)^2*$C$3*$C$5+$C$4*9.81*($C$2*COS($C$7*PI()/180)+SIN($C$7*PI()/180)))*$C$6/AX$2 -> 109.94663 | BA31: =AX$2*$I31/$C$6 -> 1396.6624
H32: 3400 | I32: 170 | K32: =10000/($H32*PI()/30) -> 28.086166 | L32: =20000/($H32*PI()/30) -> 56.172333 | M32: =30000/($H32*PI()/30) -> 84.258499 | N32: =40000/($H32*PI()/30) -> 112.34467 | O32: =50000/($H32*PI()/30) -> 140.43083 | P32: =60000/($H32*PI()/30) -> 168.517 | Q32: =70000/($H32*PI()/30) -> 196.60316 | T32: 90 | U32: =70000/(T32*0.44704) -> 1739.8393 | V32: =0.5*1.2*($T32*0.44704)^2*$C$3*$C$5+$C$4*9.81*($C$2*COS(0*PI()/180)+SIN(0*PI()/180)) -> 841.23455 | W32: =0.5*1.2*($T32*0.44704)^2*$C$3*$C$5+$C$4*9.81*($C$2*COS(5*PI()/180)+SIN(5*PI()/180)) -> 1771.6768 | X32: =0.5*1.2*($T32*0.44704)^2*$C$3*$C$5+$C$4*9.81*($C$2*COS(10*PI()/180)+SIN(10*PI()/180)) -> 2693.7369 | Y32: =0.5*1.2*($T32*0.44704)^2*$C$3*$C$5+$C$4*9.81*($C$2*COS(15*PI()/180)+SIN(15*PI()/180)) -> 3600.3974 | Z32: =0.5*1.2*($T32*0.44704)^2*$C$3*$C$5+$C$4*9.81*($C$2*COS(20*PI()/180)+SIN(20*PI()/180)) -> 4484.7582 | AA32: =0.5*1.2*($T32*0.44704)^2*$C$3*$C$5+$C$4*9.81*($C$2*COS(25*PI()/180)+SIN(25*PI()/180)) -> 5340.0887 | AB32: =0.5*1.2*($T32*0.44704)^2*$C$3*$C$5+$C$4*9.81*($C$2*COS(30*PI()/180)+SIN(30*PI()/180)) -> 6159.8793 | AE32: =PI()/30*$H32*$C$6/AD$2*2.23649 -> 25.846439 | AF32: =(0.5*1.2*(AE32*0.44704)^2*$C$3*$C$5+$C$4*9.81*($C$2*COS($C$7*PI()/180)+SIN($C$7*PI()/180)))*$C$6/AD$2 -> 7.3424678 | AG32: =AD$2*$I32/$C$6 -> 5237.484 | AJ32: =PI()/30*$H32*$C$6/AI$2*2.23649 -> 38.769658 | AK32: =(0.5*1.2*(AJ32*0.44704)^2*$C$3*$C$5+$C$4*9.81*($C$2*COS($C$7*PI()/180)+SIN($C$7*PI()/180)))*$C$6/AI$2 -> 14.37817 | AL32: =AI$2*$I32/$C$6 -> 3491.656 | AO32: =PI()/30*$H32*$C$6/AN$2*2.23649 -> 58.154487 | AP32: =(0.5*1.2*(AO32*0.44704)^2*$C$3*$C$5+$C$4*9.81*($C$2*COS($C$7*PI()/180)+SIN($C$7*PI()/180)))*$C$6/AN$2 -> 32.922335 | AQ32: =AN$2*$I32/$C$6 -> 2327.7706 | AT32: =PI()/30*$H32*$C$6/AS$2*2.23649 -> 77.539316 | AU32: =(0.5*1.2*(AT32*0.44704)^2*$C$3*$C$5+$C$4*9.81*($C$2*COS($C$7*PI()/180)+SIN($C$7*PI()/180)))*$C$6/AS$2 -> 65.092596 | AV32: =AS$2*$I32/$C$6 -> 1745.828 | AY32: =PI()/30*$H32*$C$6/AX$2*2.23649 -> 96.924145 | AZ32: =(0.5*1.2*(AY32*0.44704)^2*$C$3*$C$5+$C$4*9.81*($C$2*COS($C$7*PI()/180)+SIN($C$7*PI()/180)))*$C$6/AX$2 -> 115.43098 | BA32: =AX$2*$I32/$C$6 -> 1396.6624
H33: 3500 | I33: 170 | K33: =10000/($H33*PI()/30) -> 27.283705 | L33: =20000/($H33*PI()/30) -> 54.567409 | M33: =30000/($H33*PI()/30) -> 81.851114 | N33: =40000/($H33*PI()/30) -> 109.13482 | O33: =50000/($H33*PI()/30) -> 136.41852 | P33: =60000/($H33*PI()/30) -> 163.70223 | Q33: =70000/($H33*PI()/30) -> 190.98593 | T33: 93 | U33: =70000/(T33*0.44704) -> 1683.7155 | V33: =0.5*1.2*($T33*0.44704)^2*$C$3*$C$5+$C$4*9.81*($C$2*COS(0*PI()/180)+SIN(0*PI()/180)) -> 886.66634 | W33: =0.5*1.2*($T33*0.44704)^2*$C$3*$C$5+$C$4*9.81*($C$2*COS(5*PI()/180)+SIN(5*PI()/180)) -> 1817.1085 | X33: =0.5*1.2*($T33*0.44704)^2*$C$3*$C$5+$C$4*9.81*($C$2*COS(10*PI()/180)+SIN(10*PI()/180)) -> 2739.1686 | Y33: =0.5*1.2*($T33*0.44704)^2*$C$3*$C$5+$C$4*9.81*($C$2*COS(15*PI()/180)+SIN(15*PI()/180)) -> 3645.8292 | Z33: =0.5*1.2*($T33*0.44704)^2*$C$3*$C$5+$C$4*9.81*($C$2*COS(20*PI()/180)+SIN(20*PI()/180)) -> 4530.19 | AA33: =0.5*1.2*($T33*0.44704)^2*$C$3*$C$5+$C$4*9.81*($C$2*COS(25*PI()/180)+SIN(25*PI()/180)) -> 5385.5205 | AB33: =0.5*1.2*($T33*0.44704)^2*$C$3*$C$5+$C$4*9.81*($C$2*COS(30*PI()/180)+SIN(30*PI()/180)) -> 6205.3111 | AE33: =PI()/30*$H33*$C$6/AD$2*2.23649 -> 26.606628 | AF33: =(0.5*1.2*(AE33*0.44704)^2*$C$3*$C$5+$C$4*9.81*($C$2*COS($C$7*PI()/180)+SIN($C$7*PI()/180)))*$C$6/AD$2 -> 7.4495719 | AG33: =AD$2*$I33/$C$6 -> 5237.484 | AJ33: =PI()/30*$H33*$C$6/AI$2*2.23649 -> 39.909942 | AK33: =(0.5*1.2*(AJ33*0.44704)^2*$C$3*$C$5+$C$4*9.81*($C$2*COS($C$7*PI()/180)+SIN($C$7*PI()/180)))*$C$6/AI$2 -> 14.739646 | AL33: =AI$2*$I33/$C$6 -> 3491.656 | AO33: =PI()/30*$H33*$C$6/AN$2*2.23649 -> 59.864913 | AP33: =(0.5*1.2*(AO33*0.44704)^2*$C$3*$C$5+$C$4*9.81*($C$2*COS($C$7*PI()/180)+SIN($C$7*PI()/180)))*$C$6/AN$2 -> 34.142318 | AQ33: =AN$2*$I33/$C$6 -> 2327.7706 | AT33: =PI()/30*$H33*$C$6/AS$2*2.23649 -> 79.819884 | AU33: =(0.5*1.2*(AT33*0.44704)^2*$C$3*$C$5+$C$4*9.81*($C$2*COS($C$7*PI()/180)+SIN($C$7*PI()/180)))*$C$6/AS$2 -> 67.984409 | AV33: =AS$2*$I33/$C$6 -> 1745.828 | AY33: =PI()/30*$H33*$C$6/AX$2*2.23649 -> 99.774855 | AZ33: =(0.5*1.2*(AY33*0.44704)^2*$C$3*$C$5+$C$4*9.81*($C$2*COS($C$7*PI()/180)+SIN($C$7*PI()/180)))*$C$6/AX$2 -> 121.07906 | BA33: =AX$2*$I33/$C$6 -> 1396.6624
H34: 3600 | I34: 170 | K34: =10000/($H34*PI()/30) -> 26.525824 | L34: =20000/($H34*PI()/30) -> 53.051648 | M34: =30000/($H34*PI()/30) -> 79.577472 | N34: =40000/($H34*PI()/30) -> 106.1033 | O34: =50000/($H34*PI()/30) -> 132.62912 | P34: =60000/($H34*PI()/30) -> 159.15494 | Q34: =70000/($H34*PI()/30) -> 185.68077 | T34: 96 | U34: =70000/(T34*0.44704) -> 1631.0994 | V34: =0.5*1.2*($T34*0.44704)^2*$C$3*$C$5+$C$4*9.81*($C$2*COS(0*PI()/180)+SIN(0*PI()/180)) -> 933.5877 | W34: =0.5*1.2*($T34*0.44704)^2*$C$3*$C$5+$C$4*9.81*($C$2*COS(5*PI()/180)+SIN(5*PI()/180)) -> 1864.0299 | X34: =0.5*1.2*($T34*0.44704)^2*$C$3*$C$5+$C$4*9.81*($C$2*COS(10*PI()/180)+SIN(10*PI()/180)) -> 2786.09 | Y34: =0.5*1.2*($T34*0.44704)^2*$C$3*$C$5+$C$4*9.81*($C$2*COS(15*PI()/180)+SIN(15*PI()/180)) -> 3692.7506 | Z34: =0.5*1.2*($T34*0.44704)^2*$C$3*$C$5+$C$4*9.81*($C$2*COS(20*PI()/180)+SIN(20*PI()/180)) -> 4577.1114 | AA34: =0.5*1.2*($T34*0.44704)^2*$C$3*$C$5+$C$4*9.81*($C$2*COS(25*PI()/180)+SIN(25*PI()/180)) -> 5432.4419 | AB34: =0.5*1.2*($T34*0.44704)^2*$C$3*$C$5+$C$4*9.81*($C$2*COS(30*PI()/180)+SIN(30*PI()/180)) -> 6252.2325 | AE34: =PI()/30*$H34*$C$6/AD$2*2.23649 -> 27.366817 | AF34: =(0.5*1.2*(AE34*0.44704)^2*$C$3*$C$5+$C$4*9.81*($C$2*COS($C$7*PI()/180)+SIN($C$7*PI()/180)))*$C$6/AD$2 -> 7.5597806 | AG34: =AD$2*$I34/$C$6 -> 5237.484 | AJ34: =PI()/30*$H34*$C$6/AI$2*2.23649 -> 41.050226 | AK34: =(0.5*1.2*(AJ34*0.44704)^2*$C$3*$C$5+$C$4*9.81*($C$2*COS($C$7*PI()/180)+SIN($C$7*PI()/180)))*$C$6/AI$2 -> 15.111601 | AL34: =AI$2*$I34/$C$6 -> 3491.656 | AO34: =PI()/30*$H34*$C$6/AN$2*2.23649 -> 61.575339 | AP34: =(0.5*1.2*(AO34*0.44704)^2*$C$3*$C$5+$C$4*9.81*($C$2*COS($C$7*PI()/180)+SIN($C$7*PI()/180)))*$C$6/AN$2 -> 35.397664 | AQ34: =AN$2*$I34/$C$6 -> 2327.7706 | AT34: =PI()/30*$H34*$C$6/AS$2*2.23649 -> 82.100452 | AU34: =(0.5*1.2*(AT34*0.44704)^2*$C$3*$C$5+$C$4*9.81*($C$2*COS($C$7*PI()/180)+SIN($C$7*PI()/180)))*$C$6/AS$2 -> 70.960042 | AV34: =AS$2*$I34/$C$6 -> 1745.828 | AY34: =PI()/30*$H34*$C$6/AX$2*2.23649 -> 102.62557 | AZ34: =(0.5*1.2*(AY34*0.44704)^2*$C$3*$C$5+$C$4*9.81*($C$2*COS($C$7*PI()/180)+SIN($C$7*PI()/180)))*$C$6/AX$2 -> 126.89084 | BA34: =AX$2*$I34/$C$6 -> 1396.6624
H35: 3700 | I35: 170 | K35: =10000/($H35*PI()/30) -> 25.80891 | L35: =20000/($H35*PI()/30) -> 51.617819 | M35: =30000/($H35*PI()/30) -> 77.426729 | N35: =40000/($H35*PI()/30) -> 103.23564 | O35: =50000/($H35*PI()/30) -> 129.04455 | P35: =60000/($H35*PI()/30) -> 154.85346 | Q35: =70000/($H35*PI()/30) -> 180.66237 | T35: 99 | U35: =70000/(T35*0.44704) -> 1581.6721 | V35: =0.5*1.2*($T35*0.44704)^2*$C$3*$C$5+$C$4*9.81*($C$2*COS(0*PI()/180)+SIN(0*PI()/180)) -> 981.99862 | W35: =0.5*1.2*($T35*0.44704)^2*$C$3*$C$5+$C$4*9.81*($C$2*COS(5*PI()/180)+SIN(5*PI()/180)) -> 1912.4408 | X35: =0.5*1.2*($T35*0.44704)^2*$C$3*$C$5+$C$4*9.81*($C$2*COS(10*PI()/180)+SIN(10*PI()/180)) -> 2834.5009 | Y35: =0.5*1.2*($T35*0.44704)^2*$C$3*$C$5+$C$4*9.81*($C$2*COS(15*PI()/180)+SIN(15*PI()/180)) -> 3741.1615 | Z35: =0.5*1.2*($T35*0.44704)^2*$C$3*$C$5+$C$4*9.81*($C$2*COS(20*PI()/180)+SIN(20*PI()/180)) -> 4625.5223 | AA35: =0.5*1.2*($T35*0.44704)^2*$C$3*$C$5+$C$4*9.81*($C$2*COS(25*PI()/180)+SIN(25*PI()/180)) -> 5480.8528 | AB35: =0.5*1.2*($T35*0.44704)^2*$C$3*$C$5+$C$4*9.81*($C$2*COS(30*PI()/180)+SIN(30*PI()/180)) -> 6300.6434 | AE35: =PI()/30*$H35*$C$6/AD$2*2.23649 -> 28.127007 | AF35: =(0.5*1.2*(AE35*0.44704)^2*$C$3*$C$5+$C$4*9.81*($C$2*COS($C$7*PI()/180)+SIN($C$7*PI()/180)))*$C$6/AD$2 -> 7.6730937 | AG35: =AD$2*$I35/$C$6 -> 5237.484 | AJ35: =PI()/30*$H35*$C$6/AI$2*2.23649 -> 42.19051 | AK35: =(0.5*1.2*(AJ35*0.44704)^2*$C$3*$C$5+$C$4*9.81*($C$2*COS($C$7*PI()/180)+SIN($C$7*PI()/180)))*$C$6/AI$2 -> 15.494032 | AL35: =AI$2*$I35/$C$6 -> 3491.656 | AO35: =PI()/30*$H35*$C$6/AN$2*2.23649 -> 63.285765 | AP35: =(0.5*1.2*(AO35*0.44704)^2*$C$3*$C$5+$C$4*9.81*($C$2*COS($C$7*PI()/180)+SIN($C$7*PI()/180)))*$C$6/AN$2 -> 36.688371 | AQ35: =AN$2*$I35/$C$6 -> 2327.7706 | AT35: =PI()/30*$H35*$C$6/AS$2*2.23649 -> 84.38102 | AU35: =(0.5*1.2*(AT35*0.44704)^2*$C$3*$C$5+$C$4*9.81*($C$2*COS($C$7*PI()/180)+SIN($C$7*PI()/180)))*$C$6/AS$2 -> 74.019496 | AV35: =AS$2*$I35/$C$6 -> 1745.828 | AY35: =PI()/30*$H35*$C$6/AX$2*2.23649 -> 105.47628 | AZ35: =(0.5*1.2*(AY35*0.44704)^2*$C$3*$C$5+$C$4*9.81*($C$2*COS($C$7*PI()/180)+SIN($C$7*PI()/180)))*$C$6/AX$2 -> 132.86634 | BA35: =AX$2*$I35/$C$6 -> 1396.6624
H36: 3800 | I36: 170 | K36: =10000/($H36*PI()/30) -> 25.129728 | L36: =20000/($H36*PI()/30) -> 50.259456 | M36: =30000/($H36*PI()/30) -> 75.389184 | N36: =40000/($H36*PI()/30) -> 100.51891 | O36: =50000/($H36*PI()/30) -> 125.64864 | P36: =60000/($H36*PI()/30) -> 150.77837 | Q36: =70000/($H36*PI()/30) -> 175.90809 | R36: =80000/($H36*PI()/30) -> 201.03782 | T36: 102 | U36: =70000/(T36*0.44704) -> 1535.1524 | V36: =0.5*1.2*($T36*0.44704)^2*$C$3*$C$5+$C$4*9.81*($C$2*COS(0*PI()/180)+SIN(0*PI()/180)) -> 1031.8991 | W36: =0.5*1.2*($T36*0.44704)^2*$C$3*$C$5+$C$4*9.81*($C$2*COS(5*PI()/180)+SIN(5*PI()/180)) -> 1962.3413 | X36: =0.5*1.2*($T36*0.44704)^2*$C$3*$C$5+$C$4*9.81*($C$2*COS(10*PI()/180)+SIN(10*PI()/180)) -> 2884.4014 | Y36: =0.5*1.2*($T36*0.44704)^2*$C$3*$C$5+$C$4*9.81*($C$2*COS(15*PI()/180)+SIN(15*PI()/180)) -> 3791.062 | Z36: =0.5*1.2*($T36*0.44704)^2*$C$3*$C$5+$C$4*9.81*($C$2*COS(20*PI()/180)+SIN(20*PI()/180)) -> 4675.4228 | AA36: =0.5*1.2*($T36*0.44704)^2*$C$3*$C$5+$C$4*9.81*($C$2*COS(25*PI()/180)+SIN(25*PI()/180)) -> 5530.7533 | AB36: =0.5*1.2*($T36*0.44704)^2*$C$3*$C$5+$C$4*9.81*($C$2*COS(30*PI()/180)+SIN(30*PI()/180)) -> 6350.5439 | AE36: =PI()/30*$H36*$C$6/AD$2*2.23649 -> 28.887196 | AF36: =(0.5*1.2*(AE36*0.44704)^2*$C$3*$C$5+$C$4*9.81*($C$2*COS($C$7*PI()/180)+SIN($C$7*PI()/180)))*$C$6/AD$2 -> 7.7895113 | AG36: =AD$2*$I36/$C$6 -> 5237.484 | AJ36: =PI()/30*$H36*$C$6/AI$2*2.23649 -> 43.330794 | AK36: =(0.5*1.2*(AJ36*0.44704)^2*$C$3*$C$5+$C$4*9.81*($C$2*COS($C$7*PI()/180)+SIN($C$7*PI()/180)))*$C$6/AI$2 -> 15.886942 | AL36: =AI$2*$I36/$C$6 -> 3491.656 | AO36: =PI()/30*$H36*$C$6/AN$2*2.23649 -> 64.996191 | AP36: =(0.5*1.2*(AO36*0.44704)^2*$C$3*$C$5+$C$4*9.81*($C$2*COS($C$7*PI()/180)+SIN($C$7*PI()/180)))*$C$6/AN$2 -> 38.01444 | AQ36: =AN$2*$I36/$C$6 -> 2327.7706 | AT36: =PI()/30*$H36*$C$6/AS$2*2.23649 -> 86.661589 | AU36: =(0.5*1.2*(AT36*0.44704)^2*$C$3*$C$5+$C$4*9.81*($C$2*COS($C$7*PI()/180)+SIN($C$7*PI()/180)))*$C$6/AS$2 -> 77.162771 | AV36: =AS$2*$I36/$C$6 -> 1745.828 | AY36: =PI()/30*$H36*$C$6/AX$2*2.23649 -> 108.32699 | AZ36: =(0.5*1.2*(AY36*0.44704)^2*$C$3*$C$5+$C$4*9.81*($C$2*COS($C$7*PI()/180)+SIN($C$7*PI()/180)))*$C$6/AX$2 -> 139.00555 | BA36: =AX$2*$I36/$C$6 -> 1396.6624
H37: 3900 | I37: 170 | K37: =10000/($H37*PI()/30) -> 24.485376 | L37: =20000/($H37*PI()/30) -> 48.970752 | M37: =30000/($H37*PI()/30) -> 73.456128 | N37: =40000/($H37*PI()/30) -> 97.941503 | O37: =50000/($H37*PI()/30) -> 122.42688 | P37: =60000/($H37*PI()/30) -> 146.91226 | Q37: =70000/($H37*PI()/30) -> 171.39763 | R37: =80000/($H37*PI()/30) -> 195.88301 | T37: 105 | U37: =70000/(T37*0.44704) -> 1491.2909 | V37: =0.5*1.2*($T37*0.44704)^2*$C$3*$C$5+$C$4*9.81*($C$2*COS(0*PI()/180)+SIN(0*PI()/180)) -> 1083.2892 | W37: =0.5*1.2*($T37*0.44704)^2*$C$3*$C$5+$C$4*9.81*($C$2*COS(5*PI()/180)+SIN(5*PI()/180)) -> 2013.7314 | X37: =0.5*1.2*($T37*0.44704)^2*$C$3*$C$5+$C$4*9.81*($C$2*COS(10*PI()/180)+SIN(10*PI()/180)) -> 2935.7915 | Y37: =0.5*1.2*($T37*0.44704)^2*$C$3*$C$5+$C$4*9.81*($C$2*COS(15*PI()/180)+SIN(15*PI()/180)) -> 3842.452 | Z37: =0.5*1.2*($T37*0.44704)^2*$C$3*$C$5+$C$4*9.81*($C$2*COS(20*PI()/180)+SIN(20*PI()/180)) -> 4726.8128 | AA37: =0.5*1.2*($T37*0.44704)^2*$C$3*$C$5+$C$4*9.81*($C$2*COS(25*PI()/180)+SIN(25*PI()/180)) -> 5582.1433 | AB37: =0.5*1.2*($T37*0.44704)^2*$C$3*$C$5+$C$4*9.81*($C$2*COS(30*PI()/180)+SIN(30*PI()/180)) -> 6401.934 | AE37: =PI()/30*$H37*$C$6/AD$2*2.23649 -> 29.647386 | AF37: =(0.5*1.2*(AE37*0.44704)^2*$C$3*$C$5+$C$4*9.81*($C$2*COS($C$7*PI()/180)+SIN($C$7*PI()/180)))*$C$6/AD$2 -> 7.9090333 | AG37: =AD$2*$I37/$C$6 -> 5237.484 | AJ37: =PI()/30*$H37*$C$6/AI$2*2.23649 -> 44.471078 | AK37: =(0.5*1.2*(AJ37*0.44704)^2*$C$3*$C$5+$C$4*9.81*($C$2*COS($C$7*PI()/180)+SIN($C$7*PI()/180)))*$C$6/AI$2 -> 16.290329 | AL37: =AI$2*$I37/$C$6 -> 3491.656 | AO37: =PI()/30*$H37*$C$6/AN$2*2.23649 -> 66.706618 | AP37: =(0.5*1.2*(AO37*0.44704)^2*$C$3*$C$5+$C$4*9.81*($C$2*COS($C$7*PI()/180)+SIN($C$7*PI()/180)))*$C$6/AN$2 -> 39.375871 | AQ37: =AN$2*$I37/$C$6 -> 2327.7706 | AT37: =PI()/30*$H37*$C$6/AS$2*2.23649 -> 88.942157 | AU37: =(0.5*1.2*(AT37*0.44704)^2*$C$3*$C$5+$C$4*9.81*($C$2*COS($C$7*PI()/180)+SIN($C$7*PI()/180)))*$C$6/AS$2 -> 80.389866 | AV37: =AS$2*$I37/$C$6 -> 1745.828 | AY37: =PI()/30*$H37*$C$6/AX$2*2.23649 -> 111.1777 | AZ37: =(0.5*1.2*(AY37*0.44704)^2*$C$3*$C$5+$C$4*9.81*($C$2*COS($C$7*PI()/180)+SIN($C$7*PI()/180)))*$C$6/AX$2 -> 145.30847 | BA37: =AX$2*$I37/$C$6 -> 1396.6624
H38: 4000 | I38: 167.1 | K38: =10000/($H38*PI()/30) -> 23.873241 | L38: =20000/($H38*PI()/30) -> 47.746483 | M38: =30000/($H38*PI()/30) -> 71.619724 | N38: =40000/($H38*PI()/30) -> 95.492966 | O38: =50000/($H38*PI()/30) -> 119.36621 | P38: =60000/($H38*PI()/30) -> 143.23945 | Q38: =70000/($H38*PI()/30) -> 167.11269 | R38: =80000/($H38*PI()/30) -> 190.98593 | T38: 108 | U38: =70000/(T38*0.44704) -> 1449.8661 | V38: =0.5*1.2*($T38*0.44704)^2*$C$3*$C$5+$C$4*9.81*($C$2*COS(0*PI()/180)+SIN(0*PI()/180)) -> 1136.1688 | W38: =0.5*1.2*($T38*0.44704)^2*$C$3*$C$5+$C$4*9.81*($C$2*COS(5*PI()/180)+SIN(5*PI()/180)) -> 2066.611 | X38: =0.5*1.2*($T38*0.44704)^2*$C$3*$C$5+$C$4*9.81*($C$2*COS(10*PI()/180)+SIN(10*PI()/180)) -> 2988.6711 | Y38: =0.5*1.2*($T38*0.44704)^2*$C$3*$C$5+$C$4*9.81*($C$2*COS(15*PI()/180)+SIN(15*PI()/180)) -> 3895.3317 | Z38: =0.5*1.2*($T38*0.44704)^2*$C$3*$C$5+$C$4*9.81*($C$2*COS(20*PI()/180)+SIN(20*PI()/180)) -> 4779.6925 | AA38: =0.5*1.2*($T38*0.44704)^2*$C$3*$C$5+$C$4*9.81*($C$2*COS(25*PI()/180)+SIN(25*PI()/180)) -> 5635.023 | AB38: =0.5*1.2*($T38*0.44704)^2*$C$3*$C$5+$C$4*9.81*($C$2*COS(30*PI()/180)+SIN(30*PI()/180)) -> 6454.8136 | AE38: =PI()/30*$H38*$C$6/AD$2*2.23649 -> 30.407575 | AF38: =(0.5*1.2*(AE38*0.44704)^2*$C$3*$C$5+$C$4*9.81*($C$2*COS($C$7*PI()/180)+SIN($C$7*PI()/180)))*$C$6/AD$2 -> 8.0316599 | AG38: =AD$2*$I38/$C$6 -> 5148.1386 | AJ38: =PI()/30*$H38*$C$6/AI$2*2.23649 -> 45.611362 | AK38: =(0.5*1.2*(AJ38*0.44704)^2*$C$3*$C$5+$C$4*9.81*($C$2*COS($C$7*PI()/180)+SIN($C$7*PI()/180)))*$C$6/AI$2 -> 16.704193 | AL38: =AI$2*$I38/$C$6 -> 3432.0924 | AO38: =PI()/30*$H38*$C$6/AN$2*2.23649 -> 68.417044 | AP38: =(0.5*1.2*(AO38*0.44704)^2*$C$3*$C$5+$C$4*9.81*($C$2*COS($C$7*PI()/180)+SIN($C$7*PI()/180)))*$C$6/AN$2 -> 40.772663 | AQ38: =AN$2*$I38/$C$6 -> 2288.0616 | AT38: =PI()/30*$H38*$C$6/AS$2*2.23649 -> 91.222725 | AU38: =(0.5*1.2*(AT38*0.44704)^2*$C$3*$C$5+$C$4*9.81*($C$2*COS($C$7*PI()/180)+SIN($C$7*PI()/180)))*$C$6/AS$2 -> 83.700782 | AV38: =AS$2*$I38/$C$6 -> 1716.0462 | AY38: =PI()/30*$H38*$C$6/AX$2*2.23649 -> 114.02841 | AZ38: =(0.5*1.2*(AY38*0.44704)^2*$C$3*$C$5+$C$4*9.81*($C$2*COS($C$7*PI()/180)+SIN($C$7*PI()/180)))*$C$6/AX$2 -> 151.7751 | BA38: =AX$2*$I38/$C$6 -> 1372.837
H39: 4100 | I39: 163 | K39: =10000/($H39*PI()/30) -> 23.290967 | L39: =20000/($H39*PI()/30) -> 46.581935 | M39: =30000/($H39*PI()/30) -> 69.872902 | N39: =40000/($H39*PI()/30) -> 93.163869 | O39: =50000/($H39*PI()/30) -> 116.45484 | P39: =60000/($H39*PI()/30) -> 139.7458 | Q39: =70000/($H39*PI()/30) -> 163.03677 | R39: =80000/($H39*PI()/30) -> 186.32774 | T39: 111 | U39: =70000/(T39*0.44704) -> 1410.6805 | V39: =0.5*1.2*($T39*0.44704)^2*$C$3*$C$5+$C$4*9.81*($C$2*COS(0*PI()/180)+SIN(0*PI()/180)) -> 1190.538 | W39: =0.5*1.2*($T39*0.44704)^2*$C$3*$C$5+$C$4*9.81*($C$2*COS(5*PI()/180)+SIN(5*PI()/180)) -> 2120.9802 | X39: =0.5*1.2*($T39*0.44704)^2*$C$3*$C$5+$C$4*9.81*($C$2*COS(10*PI()/180)+SIN(10*PI()/180)) -> 3043.0403 | Y39: =0.5*1.2*($T39*0.44704)^2*$C$3*$C$5+$C$4*9.81*($C$2*COS(15*PI()/180)+SIN(15*PI()/180)) -> 3949.7009 | Z39: =0.5*1.2*($T39*0.44704)^2*$C$3*$C$5+$C$4*9.81*($C$2*COS(20*PI()/180)+SIN(20*PI()/180)) -> 4834.0617 | AA39: =0.5*1.2*($T39*0.44704)^2*$C$3*$C$5+$C$4*9.81*($C$2*COS(25*PI()/180)+SIN(25*PI()/180)) -> 5689.3922 | AB39: =0.5*1.2*($T39*0.44704)^2*$C$3*$C$5+$C$4*9.81*($C$2*COS(30*PI()/180)+SIN(30*PI()/180)) -> 6509.1828 | AE39: =PI()/30*$H39*$C$6/AD$2*2.23649 -> 31.167764 | AF39: =(0.5*1.2*(AE39*0.44704)^2*$C$3*$C$5+$C$4*9.81*($C$2*COS($C$7*PI()/180)+SIN($C$7*PI()/180)))*$C$6/AD$2 -> 8.1573908 | AG39: =AD$2*$I39/$C$6 -> 5021.8228 | AJ39: =PI()/30*$H39*$C$6/AI$2*2.23649 -> 46.751646 | AK39: =(0.5*1.2*(AJ39*0.44704)^2*$C$3*$C$5+$C$4*9.81*($C$2*COS($C$7*PI()/180)+SIN($C$7*PI()/180)))*$C$6/AI$2 -> 17.128535 | AL39: =AI$2*$I39/$C$6 -> 3347.8819 | AO39: =PI()/30*$H39*$C$6/AN$2*2.23649 -> 70.12747 | AP39: =(0.5*1.2*(AO39*0.44704)^2*$C$3*$C$5+$C$4*9.81*($C$2*COS($C$7*PI()/180)+SIN($C$7*PI()/180)))*$C$6/AN$2 -> 42.204818 | AQ39: =AN$2*$I39/$C$6 -> 2231.9213 | AT39: =PI()/30*$H39*$C$6/AS$2*2.23649 -> 93.503293 | AU39: =(0.5*1.2*(AT39*0.44704)^2*$C$3*$C$5+$C$4*9.81*($C$2*COS($C$7*PI()/180)+SIN($C$7*PI()/180)))*$C$6/AS$2 -> 87.095519 | AV39: =AS$2*$I39/$C$6 -> 1673.9409 | AY39: =PI()/30*$H39*$C$6/AX$2*2.23649 -> 116.87912 | AZ39: =(0.5*1.2*(AY39*0.44704)^2*$C$3*$C$5+$C$4*9.81*($C$2*COS($C$7*PI()/180)+SIN($C$7*PI()/180)))*$C$6/AX$2 -> 158.40544 | BA39: =AX$2*$I39/$C$6 -> 1339.1528
H40: 4200 | I40: 159.2 | K40: =10000/($H40*PI()/30) -> 22.73642 | L40: =20000/($H40*PI()/30) -> 45.472841 | M40: =30000/($H40*PI()/30) -> 68.209261 | N40: =40000/($H40*PI()/30) -> 90.945682 | O40: =50000/($H40*PI()/30) -> 113.6821 | P40: =60000/($H40*PI()/30) -> 136.41852 | Q40: =70000/($H40*PI()/30) -> 159.15494 | R40: =80000/($H40*PI()/30) -> 181.89136 | T40: 114 | U40: =70000/(T40*0.44704) -> 1373.5574 | V40: =0.5*1.2*($T40*0.44704)^2*$C$3*$C$5+$C$4*9.81*($C$2*COS(0*PI()/180)+SIN(0*PI()/180)) -> 1246.3968 | W40: =0.5*1.2*($T40*0.44704)^2*$C$3*$C$5+$C$4*9.81*($C$2*COS(5*PI()/180)+SIN(5*PI()/180)) -> 2176.839 | X40: =0.5*1.2*($T40*0.44704)^2*$C$3*$C$5+$C$4*9.81*($C$2*COS(10*PI()/180)+SIN(10*PI()/180)) -> 3098.8991 | Y40: =0.5*1.2*($T40*0.44704)^2*$C$3*$C$5+$C$4*9.81*($C$2*COS(15*PI()/180)+SIN(15*PI()/180)) -> 4005.5596 | Z40: =0.5*1.2*($T40*0.44704)^2*$C$3*$C$5+$C$4*9.81*($C$2*COS(20*PI()/180)+SIN(20*PI()/180)) -> 4889.9204 | AA40: =0.5*1.2*($T40*0.44704)^2*$C$3*$C$5+$C$4*9.81*($C$2*COS(25*PI()/180)+SIN(25*PI()/180)) -> 5745.2509 | AB40: =0.5*1.2*($T40*0.44704)^2*$C$3*$C$5+$C$4*9.81*($C$2*COS(30*PI()/180)+SIN(30*PI()/180)) -> 6565.0415 | AE40: =PI()/30*$H40*$C$6/AD$2*2.23649 -> 31.927954 | AF40: =(0.5*1.2*(AE40*0.44704)^2*$C$3*$C$5+$C$4*9.81*($C$2*COS($C$7*PI()/180)+SIN($C$7*PI()/180)))*$C$6/AD$2 -> 8.2862263 | AG40: =AD$2*$I40/$C$6 -> 4904.7497 | AJ40: =PI()/30*$H40*$C$6/AI$2*2.23649 -> 47.891931 | AK40: =(0.5*1.2*(AJ40*0.44704)^2*$C$3*$C$5+$C$4*9.81*($C$2*COS($C$7*PI()/180)+SIN($C$7*PI()/180)))*$C$6/AI$2 -> 17.563355 | AL40: =AI$2*$I40/$C$6 -> 3269.8331 | AO40: =PI()/30*$H40*$C$6/AN$2*2.23649 -> 71.837896 | AP40: =(0.5*1.2*(AO40*0.44704)^2*$C$3*$C$5+$C$4*9.81*($C$2*COS($C$7*PI()/180)+SIN($C$7*PI()/180)))*$C$6/AN$2 -> 43.672334 | AQ40: =AN$2*$I40/$C$6 -> 2179.8887 | AT40: =PI()/30*$H40*$C$6/AS$2*2.23649 -> 95.783861 | AU40: =(0.5*1.2*(AT40*0.44704)^2*$C$3*$C$5+$C$4*9.81*($C$2*COS($C$7*PI()/180)+SIN($C$7*PI()/180)))*$C$6/AS$2 -> 90.574076 | AV40: =AS$2*$I40/$C$6 -> 1634.9166 | AY40: =PI()/30*$H40*$C$6/AX$2*2.23649 -> 119.72983 | AZ40: =(0.5*1.2*(AY40*0.44704)^2*$C$3*$C$5+$C$4*9.81*($C$2*COS($C$7*PI()/180)+SIN($C$7*PI()/180)))*$C$6/AX$2 -> 165.1995
H41: 4300 | I41: 155.5 | K41: =10000/($H41*PI()/30) -> 22.207666 | L41: =20000/($H41*PI()/30) -> 44.415333 | M41: =30000/($H41*PI()/30) -> 66.622999 | N41: =40000/($H41*PI()/30) -> 88.830666 | O41: =50000/($H41*PI()/30) -> 111.03833 | P41: =60000/($H41*PI()/30) -> 133.246 | Q41: =70000/($H41*PI()/30) -> 155.45367 | R41: =80000/($H41*PI()/30) -> 177.66133 | T41: 117 | U41: =70000/(T41*0.44704) -> 1338.338 | V41: =0.5*1.2*($T41*0.44704)^2*$C$3*$C$5+$C$4*9.81*($C$2*COS(0*PI()/180)+SIN(0*PI()/180)) -> 1303.7451 | W41: =0.5*1.2*($T41*0.44704)^2*$C$3*$C$5+$C$4*9.81*($C$2*COS(5*PI()/180)+SIN(5*PI()/180)) -> 2234.1873 | X41: =0.5*1.2*($T41*0.44704)^2*$C$3*$C$5+$C$4*9.81*($C$2*COS(10*PI()/180)+SIN(10*PI()/180)) -> 3156.2474 | Y41: =0.5*1.2*($T41*0.44704)^2*$C$3*$C$5+$C$4*9.81*($C$2*COS(15*PI()/180)+SIN(15*PI()/180)) -> 4062.9079 | Z41: =0.5*1.2*($T41*0.44704)^2*$C$3*$C$5+$C$4*9.81*($C$2*COS(20*PI()/180)+SIN(20*PI()/180)) -> 4947.2687 | AA41: =0.5*1.2*($T41*0.44704)^2*$C$3*$C$5+$C$4*9.81*($C$2*COS(25*PI()/180)+SIN(25*PI()/180)) -> 5802.5992 | AB41: =0.5*1.2*($T41*0.44704)^2*$C$3*$C$5+$C$4*9.81*($C$2*COS(30*PI()/180)+SIN(30*PI()/180)) -> 6622.3899 | AE41: =PI()/30*$H41*$C$6/AD$2*2.23649 -> 32.688143 | AF41: =(0.5*1.2*(AE41*0.44704)^2*$C$3*$C$5+$C$4*9.81*($C$2*COS($C$7*PI()/180)+SIN($C$7*PI()/180)))*$C$6/AD$2 -> 8.4181662 | AG41: =AD$2*$I41/$C$6 -> 4790.7574 | AJ41: =PI()/30*$H41*$C$6/AI$2*2.23649 -> 49.032215 | AK41: =(0.5*1.2*(AJ41*0.44704)^2*$C$3*$C$5+$C$4*9.81*($C$2*COS($C$7*PI()/180)+SIN($C$7*PI()/180)))*$C$6/AI$2 -> 18.008652 | AL41: =AI$2*$I41/$C$6 -> 3193.8383 | AO41: =PI()/30*$H41*$C$6/AN$2*2.23649 -> 73.548322 | AP41: =(0.5*1.2*(AO41*0.44704)^2*$C$3*$C$5+$C$4*9.81*($C$2*COS($C$7*PI()/180)+SIN($C$7*PI()/180)))*$C$6/AN$2 -> 45.175213 | AQ41: =AN$2*$I41/$C$6 -> 2129.2255 | AT41: =PI()/30*$H41*$C$6/AS$2*2.23649 -> 98.064429 | AU41: =(0.5*1.2*(AT41*0.44704)^2*$C$3*$C$5+$C$4*9.81*($C$2*COS($C$7*PI()/180)+SIN($C$7*PI()/180)))*$C$6/AS$2 -> 94.136454 | AV41: =AS$2*$I41/$C$6 -> 1596.9191 | AY41: =PI()/30*$H41*$C$6/AX$2*2.23649 -> 122.58054 | AZ41: =(0.5*1.2*(AY41*0.44704)^2*$C$3*$C$5+$C$4*9.81*($C$2*COS($C$7*PI()/180)+SIN($C$7*PI()/180)))*$C$6/AX$2 -> 172.15727
H42: 4400 | I42: 151.9 | K42: =10000/($H42*PI()/30) -> 21.702947 | L42: =20000/($H42*PI()/30) -> 43.405894 | M42: =30000/($H42*PI()/30) -> 65.10884 | N42: =40000/($H42*PI()/30) -> 86.811787 | O42: =50000/($H42*PI()/30) -> 108.51473 | P42: =60000/($H42*PI()/30) -> 130.21768 | Q42: =70000/($H42*PI()/30) -> 151.92063 | R42: =80000/($H42*PI()/30) -> 173.62357 | T42: 120 | U42: =70000/(T42*0.44704) -> 1304.8795 | V42: =0.5*1.2*($T42*0.44704)^2*$C$3*$C$5+$C$4*9.81*($C$2*COS(0*PI()/180)+SIN(0*PI()/180)) -> 1362.583 | W42: =0.5*1.2*($T42*0.44704)^2*$C$3*$C$5+$C$4*9.81*($C$2*COS(5*PI()/180)+SIN(5*PI()/180)) -> 2293.0252 | X42: =0.5*1.2*($T42*0.44704)^2*$C$3*$C$5+$C$4*9.81*($C$2*COS(10*PI()/180)+SIN(10*PI()/180)) -> 3215.0853 | Y42: =0.5*1.2*($T42*0.44704)^2*$C$3*$C$5+$C$4*9.81*($C$2*COS(15*PI()/180)+SIN(15*PI()/180)) -> 4121.7458 | Z42: =0.5*1.2*($T42*0.44704)^2*$C$3*$C$5+$C$4*9.81*($C$2*COS(20*PI()/180)+SIN(20*PI()/180)) -> 5006.1066 | AA42: =0.5*1.2*($T42*0.44704)^2*$C$3*$C$5+$C$4*9.81*($C$2*COS(25*PI()/180)+SIN(25*PI()/180)) -> 5861.4371 | AB42: =0.5*1.2*($T42*0.44704)^2*$C$3*$C$5+$C$4*9.81*($C$2*COS(30*PI()/180)+SIN(30*PI()/180)) -> 6681.2278 | AE42: =PI()/30*$H42*$C$6/AD$2*2.23649 -> 33.448332 | AF42: =(0.5*1.2*(AE42*0.44704)^2*$C$3*$C$5+$C$4*9.81*($C$2*COS($C$7*PI()/180)+SIN($C$7*PI()/180)))*$C$6/AD$2 -> 8.5532106 | AG42: =AD$2*$I42/$C$6 -> 4679.846 | AJ42: =PI()/30*$H42*$C$6/AI$2*2.23649 -> 50.172499 | AK42: =(0.5*1.2*(AJ42*0.44704)^2*$C$3*$C$5+$C$4*9.81*($C$2*COS($C$7*PI()/180)+SIN($C$7*PI()/180)))*$C$6/AI$2 -> 18.464427 | AL42: =AI$2*$I42/$C$6 -> 3119.8973 | AO42: =PI()/30*$H42*$C$6/AN$2*2.23649 -> 75.258748 | AP42: =(0.5*1.2*(AO42*0.44704)^2*$C$3*$C$5+$C$4*9.81*($C$2*COS($C$7*PI()/180)+SIN($C$7*PI()/180)))*$C$6/AN$2 -> 46.713453 | AQ42: =AN$2*$I42/$C$6 -> 2079.9315 | AT42: =PI()/30*$H42*$C$6/AS$2*2.23649 -> 100.345 | AU42: =(0.5*1.2*(AT42*0.44704)^2*$C$3*$C$5+$C$4*9.81*($C$2*COS($C$7*PI()/180)+SIN($C$7*PI()/180)))*$C$6/AS$2 -> 97.782653 | AV42: =AS$2*$I42/$C$6 -> 1559.9487 | AY42: =PI()/30*$H42*$C$6/AX$2*2.23649 -> 125.43125 | AZ42: =(0.5*1.2*(AY42*0.44704)^2*$C$3*$C$5+$C$4*9.81*($C$2*COS($C$7*PI()/180)+SIN($C$7*PI()/180)))*$C$6/AX$2 -> 179.27875
H43: 4500 | I43: 148.5 | K43: =10000/($H43*PI()/30) -> 21.220659 | L43: =20000/($H43*PI()/30) -> 42.441318 | M43: =30000/($H43*PI()/30) -> 63.661977 | N43: =40000/($H43*PI()/30) -> 84.882636 | O43: =50000/($H43*PI()/30) -> 106.1033 | P43: =60000/($H43*PI()/30) -> 127.32395 | Q43: =70000/($H43*PI()/30) -> 148.54461 | R43: =80000/($H43*PI()/30) -> 169.76527 | T43: 123 | U43: =70000/(T43*0.44704) -> 1273.0532 | V43: =0.5*1.2*($T43*0.44704)^2*$C$3*$C$5+$C$4*9.81*($C$2*COS(0*PI()/180)+SIN(0*PI()/180)) -> 1422.9104 | W43: =0.5*1.2*($T43*0.44704)^2*$C$3*$C$5+$C$4*9.81*($C$2*COS(5*PI()/180)+SIN(5*PI()/180)) -> 2353.3526 | X43: =0.5*1.2*($T43*0.44704)^2*$C$3*$C$5+$C$4*9.81*($C$2*COS(10*PI()/180)+SIN(10*PI()/180)) -> 3275.4127 | Y43: =0.5*1.2*($T43*0.44704)^2*$C$3*$C$5+$C$4*9.81*($C$2*COS(15*PI()/180)+SIN(15*PI()/180)) -> 4182.0733 | Z43: =0.5*1.2*($T43*0.44704)^2*$C$3*$C$5+$C$4*9.81*($C$2*COS(20*PI()/180)+SIN(20*PI()/180)) -> 5066.4341 | AA43: =0.5*1.2*($T43*0.44704)^2*$C$3*$C$5+$C$4*9.81*($C$2*COS(25*PI()/180)+SIN(25*PI()/180)) -> 5921.7646 | AB43: =0.5*1.2*($T43*0.44704)^2*$C$3*$C$5+$C$4*9.81*($C$2*COS(30*PI()/180)+SIN(30*PI()/180)) -> 6741.5552 | AE43: =PI()/30*$H43*$C$6/AD$2*2.23649 -> 34.208522 | AF43: =(0.5*1.2*(AE43*0.44704)^2*$C$3*$C$5+$C$4*9.81*($C$2*COS($C$7*PI()/180)+SIN($C$7*PI()/180)))*$C$6/AD$2 -> 8.6913595 | AG43: =AD$2*$I43/$C$6 -> 4575.0963 | AJ43: =PI()/30*$H43*$C$6/AI$2*2.23649 -> 51.312783 | AK43: =(0.5*1.2*(AJ43*0.44704)^2*$C$3*$C$5+$C$4*9.81*($C$2*COS($C$7*PI()/180)+SIN($C$7*PI()/180)))*$C$6/AI$2 -> 18.930679 | AL43: =AI$2*$I43/$C$6 -> 3050.0642 | AO43: =PI()/30*$H43*$C$6/AN$2*2.23649 -> 76.969174 | AP43: =(0.5*1.2*(AO43*0.44704)^2*$C$3*$C$5+$C$4*9.81*($C$2*COS($C$7*PI()/180)+SIN($C$7*PI()/180)))*$C$6/AN$2 -> 48.287055 | AQ43: =AN$2*$I43/$C$6 -> 2033.3761 | AT43: =PI()/30*$H43*$C$6/AS$2*2.23649 -> 102.62557 | AU43: =(0.5*1.2*(AT43*0.44704)^2*$C$3*$C$5+$C$4*9.81*($C$2*COS($C$7*PI()/180)+SIN($C$7*PI()/180)))*$C$6/AS$2 -> 101.51267 | AV43: =AS$2*$I43/$C$6 -> 1525.0321 | AY43: =PI()/30*$H43*$C$6/AX$2*2.23649 -> 128.28196 | AZ43: =(0.5*1.2*(AY43*0.44704)^2*$C$3*$C$5+$C$4*9.81*($C$2*COS($C$7*PI()/180)+SIN($C$7*PI()/180)))*$C$6/AX$2 -> 186.56395
H44: 4600 | I44: 145.3 | K44: =10000/($H44*PI()/30) -> 20.75934 | L44: =20000/($H44*PI()/30) -> 41.518681 | M44: =30000/($H44*PI()/30) -> 62.278021 | N44: =40000/($H44*PI()/30) -> 83.037362 | O44: =50000/($H44*PI()/30) -> 103.7967 | P44: =60000/($H44*PI()/30) -> 124.55604 | Q44: =70000/($H44*PI()/30) -> 145.31538 | R44: =80000/($H44*PI()/30) -> 166.07472 | T44: 126 | U44: =70000/(T44*0.44704) -> 1242.7424 | V44: =0.5*1.2*($T44*0.44704)^2*$C$3*$C$5+$C$4*9.81*($C$2*COS(0*PI()/180)+SIN(0*PI()/180)) -> 1484.7275 | W44: =0.5*1.2*($T44*0.44704)^2*$C$3*$C$5+$C$4*9.81*($C$2*COS(5*PI()/180)+SIN(5*PI()/180)) -> 2415.1697 | X44: =0.5*1.2*($T44*0.44704)^2*$C$3*$C$5+$C$4*9.81*($C$2*COS(10*PI()/180)+SIN(10*PI()/180)) -> 3337.2298 | Y44: =0.5*1.2*($T44*0.44704)^2*$C$3*$C$5+$C$4*9.81*($C$2*COS(15*PI()/180)+SIN(15*PI()/180)) -> 4243.8903 | Z44: =0.5*1.2*($T44*0.44704)^2*$C$3*$C$5+$C$4*9.81*($C$2*COS(20*PI()/180)+SIN(20*PI()/180)) -> 5128.2511 | AA44: =0.5*1.2*($T44*0.44704)^2*$C$3*$C$5+$C$4*9.81*($C$2*COS(25*PI()/180)+SIN(25*PI()/180)) -> 5983.5816 | AB44: =0.5*1.2*($T44*0.44704)^2*$C$3*$C$5+$C$4*9.81*($C$2*COS(30*PI()/180)+SIN(30*PI()/180)) -> 6803.3723 | AE44: =PI()/30*$H44*$C$6/AD$2*2.23649 -> 34.968711 | AF44: =(0.5*1.2*(AE44*0.44704)^2*$C$3*$C$5+$C$4*9.81*($C$2*COS($C$7*PI()/180)+SIN($C$7*PI()/180)))*$C$6/AD$2 -> 8.8326128 | AG44: =AD$2*$I44/$C$6 -> 4476.5083 | AJ44: =PI()/30*$H44*$C$6/AI$2*2.23649 -> 52.453067 | AK44: =(0.5*1.2*(AJ44*0.44704)^2*$C$3*$C$5+$C$4*9.81*($C$2*COS($C$7*PI()/180)+SIN($C$7*PI()/180)))*$C$6/AI$2 -> 19.407409 | AL44: =AI$2*$I44/$C$6 -> 2984.3389 | AO44: =PI()/30*$H44*$C$6/AN$2*2.23649 -> 78.6796 | AP44: =(0.5*1.2*(AO44*0.44704)^2*$C$3*$C$5+$C$4*9.81*($C$2*COS($C$7*PI()/180)+SIN($C$7*PI()/180)))*$C$6/AN$2 -> 49.896018 | AQ44: =AN$2*$I44/$C$6 -> 1989.5593 | AT44: =PI()/30*$H44*$C$6/AS$2*2.23649 -> 104.90613 | AU44: =(0.5*1.2*(AT44*0.44704)^2*$C$3*$C$5+$C$4*9.81*($C$2*COS($C$7*PI()/180)+SIN($C$7*PI()/180)))*$C$6/AS$2 -> 105.32651 | AV44: =AS$2*$I44/$C$6 -> 1492.1694 | AY44: =PI()/30*$H44*$C$6/AX$2*2.23649 -> 131.13267 | AZ44: =(0.5*1.2*(AY44*0.44704)^2*$C$3*$C$5+$C$4*9.81*($C$2*COS($C$7*PI()/180)+SIN($C$7*PI()/180)))*$C$6/AX$2 -> 194.01285
H45: 4700 | I45: 142.2 | K45: =10000/($H45*PI()/30) -> 20.317652 | L45: =20000/($H45*PI()/30) -> 40.635305 | M45: =30000/($H45*PI()/30) -> 60.952957 | N45: =40000/($H45*PI()/30) -> 81.270609 | O45: =50000/($H45*PI()/30) -> 101.58826 | P45: =60000/($H45*PI()/30) -> 121.90591 | Q45: =70000/($H45*PI()/30) -> 142.22357 | R45: =80000/($H45*PI()/30) -> 162.54122 | T45: 129 | U45: =70000/(T45*0.44704) -> 1213.8414 | V45: =0.5*1.2*($T45*0.44704)^2*$C$3*$C$5+$C$4*9.81*($C$2*COS(0*PI()/180)+SIN(0*PI()/180)) -> 1548.0341 | W45: =0.5*1.2*($T45*0.44704)^2*$C$3*$C$5+$C$4*9.81*($C$2*COS(5*PI()/180)+SIN(5*PI()/180)) -> 2478.4763 | X45: =0.5*1.2*($T45*0.44704)^2*$C$3*$C$5+$C$4*9.81*($C$2*COS(10*PI()/180)+SIN(10*PI()/180)) -> 3400.5364 | Y45: =0.5*1.2*($T45*0.44704)^2*$C$3*$C$5+$C$4*9.81*($C$2*COS(15*PI()/180)+SIN(15*PI()/180)) -> 4307.1969 | Z45: =0.5*1.2*($T45*0.44704)^2*$C$3*$C$5+$C$4*9.81*($C$2*COS(20*PI()/180)+SIN(20*PI()/180)) -> 5191.5577 | AA45: =0.5*1.2*($T45*0.44704)^2*$C$3*$C$5+$C$4*9.81*($C$2*COS(25*PI()/180)+SIN(25*PI()/180)) -> 6046.8882 | AB45: =0.5*1.2*($T45*0.44704)^2*$C$3*$C$5+$C$4*9.81*($C$2*COS(30*PI()/180)+SIN(30*PI()/180)) -> 6866.6788 | AE45: =PI()/30*$H45*$C$6/AD$2*2.23649 -> 35.728901 | AF45: =(0.5*1.2*(AE45*0.44704)^2*$C$3*$C$5+$C$4*9.81*($C$2*COS($C$7*PI()/180)+SIN($C$7*PI()/180)))*$C$6/AD$2 -> 8.9769706 | AG45: =AD$2*$I45/$C$6 -> 4381.0013 | AJ45: =PI()/30*$H45*$C$6/AI$2*2.23649 -> 53.593351 | AK45: =(0.5*1.2*(AJ45*0.44704)^2*$C$3*$C$5+$C$4*9.81*($C$2*COS($C$7*PI()/180)+SIN($C$7*PI()/180)))*$C$6/AI$2 -> 19.894617 | AL45: =AI$2*$I45/$C$6 -> 2920.6675 | AO45: =PI()/30*$H45*$C$6/AN$2*2.23649 -> 80.390026 | AP45: =(0.5*1.2*(AO45*0.44704)^2*$C$3*$C$5+$C$4*9.81*($C$2*COS($C$7*PI()/180)+SIN($C$7*PI()/180)))*$C$6/AN$2 -> 51.540344 | AQ45: =AN$2*$I45/$C$6 -> 1947.1117 | AT45: =PI()/30*$H45*$C$6/AS$2*2.23649 -> 107.1867 | AU45: =(0.5*1.2*(AT45*0.44704)^2*$C$3*$C$5+$C$4*9.81*($C$2*COS($C$7*PI()/180)+SIN($C$7*PI()/180)))*$C$6/AS$2 -> 109.22417 | AV45: =AS$2*$I45/$C$6 -> 1460.3338 | AY45: =PI()/30*$H45*$C$6/AX$2*2.23649 -> 133.98338 | AZ45: =(0.5*1.2*(AY45*0.44704)^2*$C$3*$C$5+$C$4*9.81*($C$2*COS($C$7*PI()/180)+SIN($C$7*PI()/180)))*$C$6/AX$2 -> 201.62547
H46: 4800 | I46: 139.3 | K46: =10000/($H46*PI()/30) -> 19.894368 | L46: =20000/($H46*PI()/30) -> 39.788736 | M46: =30000/($H46*PI()/30) -> 59.683104 | N46: =40000/($H46*PI()/30) -> 79.577472 | O46: =50000/($H46*PI()/30) -> 99.471839 | P46: =60000/($H46*PI()/30) -> 119.36621 | Q46: =70000/($H46*PI()/30) -> 139.26058 | R46: =80000/($H46*PI()/30) -> 159.15494 | T46: 132 | U46: =70000/(T46*0.44704) -> 1186.2541 | V46: =0.5*1.2*($T46*0.44704)^2*$C$3*$C$5+$C$4*9.81*($C$2*COS(0*PI()/180)+SIN(0*PI()/180)) -> 1612.8302 | W46: =0.5*1.2*($T46*0.44704)^2*$C$3*$C$5+$C$4*9.81*($C$2*COS(5*PI()/180)+SIN(5*PI()/180)) -> 2543.2724 | X46: =0.5*1.2*($T46*0.44704)^2*$C$3*$C$5+$C$4*9.81*($C$2*COS(10*PI()/180)+SIN(10*PI()/180)) -> 3465.3325 | Y46: =0.5*1.2*($T46*0.44704)^2*$C$3*$C$5+$C$4*9.81*($C$2*COS(15*PI()/180)+SIN(15*PI()/180)) -> 4371.9931 | Z46: =0.5*1.2*($T46*0.44704)^2*$C$3*$C$5+$C$4*9.81*($C$2*COS(20*PI()/180)+SIN(20*PI()/180)) -> 5256.3539 | AA46: =0.5*1.2*($T46*0.44704)^2*$C$3*$C$5+$C$4*9.81*($C$2*COS(25*PI()/180)+SIN(25*PI()/180)) -> 6111.6844 | AB46: =0.5*1.2*($T46*0.44704)^2*$C$3*$C$5+$C$4*9.81*($C$2*COS(30*PI()/180)+SIN(30*PI()/180)) -> 6931.475 | AE46: =PI()/30*$H46*$C$6/AD$2*2.23649 -> 36.48909 | AF46: =(0.5*1.2*(AE46*0.44704)^2*$C$3*$C$5+$C$4*9.81*($C$2*COS($C$7*PI()/180)+SIN($C$7*PI()/180)))*$C$6/AD$2 -> 9.1244329 | AG46: =AD$2*$I46/$C$6 -> 4291.656 | AJ46: =PI()/30*$H46*$C$6/AI$2*2.23649 -> 54.733635 | AK46: =(0.5*1.2*(AJ46*0.44704)^2*$C$3*$C$5+$C$4*9.81*($C$2*COS($C$7*PI()/180)+SIN($C$7*PI()/180)))*$C$6/AI$2 -> 20.392302 | AL46: =AI$2*$I46/$C$6 -> 2861.104 | AO46: =PI()/30*$H46*$C$6/AN$2*2.23649 -> 82.100452 | AP46: =(0.5*1.2*(AO46*0.44704)^2*$C$3*$C$5+$C$4*9.81*($C$2*COS($C$7*PI()/180)+SIN($C$7*PI()/180)))*$C$6/AN$2 -> 53.220031 | AQ46: =AN$2*$I46/$C$6 -> 1907.4027 | AT46: =PI()/30*$H46*$C$6/AS$2*2.23649 -> 109.46727 | AU46: =(0.5*1.2*(AT46*0.44704)^2*$C$3*$C$5+$C$4*9.81*($C$2*COS($C$7*PI()/180)+SIN($C$7*PI()/180)))*$C$6/AS$2 -> 113.20565 | AV46: =AS$2*$I46/$C$6 -> 1430.552 | AY46: =PI()/30*$H46*$C$6/AX$2*2.23649 -> 136.83409 | AZ46: =(0.5*1.2*(AY46*0.44704)^2*$C$3*$C$5+$C$4*9.81*($C$2*COS($C$7*PI()/180)+SIN($C$7*PI()/180)))*$C$6/AX$2 -> 209.4018
H47: 4900 | I47: 136.4 | K47: =10000/($H47*PI()/30) -> 19.48836 | L47: =20000/($H47*PI()/30) -> 38.976721 | M47: =30000/($H47*PI()/30) -> 58.465081 | N47: =40000/($H47*PI()/30) -> 77.953442 | O47: =50000/($H47*PI()/30) -> 97.441802 | P47: =60000/($H47*PI()/30) -> 116.93016 | Q47: =70000/($H47*PI()/30) -> 136.41852 | R47: =80000/($H47*PI()/30) -> 155.90688 | T47: 135 | U47: =70000/(T47*0.44704) -> 1159.8929 | V47: =0.5*1.2*($T47*0.44704)^2*$C$3*$C$5+$C$4*9.81*($C$2*COS(0*PI()/180)+SIN(0*PI()/180)) -> 1679.1159 | W47: =0.5*1.2*($T47*0.44704)^2*$C$3*$C$5+$C$4*9.81*($C$2*COS(5*PI()/180)+SIN(5*PI()/180)) -> 2609.5581 | X47: =0.5*1.2*($T47*0.44704)^2*$C$3*$C$5+$C$4*9.81*($C$2*COS(10*PI()/180)+SIN(10*PI()/180)) -> 3531.6182 | Y47: =0.5*1.2*($T47*0.44704)^2*$C$3*$C$5+$C$4*9.81*($C$2*COS(15*PI()/180)+SIN(15*PI()/180)) -> 4438.2788 | Z47: =0.5*1.2*($T47*0.44704)^2*$C$3*$C$5+$C$4*9.81*($C$2*COS(20*PI()/180)+SIN(20*PI()/180)) -> 5322.6396 | AA47: =0.5*1.2*($T47*0.44704)^2*$C$3*$C$5+$C$4*9.81*($C$2*COS(25*PI()/180)+SIN(25*PI()/180)) -> 6177.9701 | AB47: =0.5*1.2*($T47*0.44704)^2*$C$3*$C$5+$C$4*9.81*($C$2*COS(30*PI()/180)+SIN(30*PI()/180)) -> 6997.7607 | AE47: =PI()/30*$H47*$C$6/AD$2*2.23649 -> 37.249279 | AF47: =(0.5*1.2*(AE47*0.44704)^2*$C$3*$C$5+$C$4*9.81*($C$2*COS($C$7*PI()/180)+SIN($C$7*PI()/180)))*$C$6/AD$2 -> 9.2749996 | AG47: =AD$2*$I47/$C$6 -> 4202.3107 | AJ47: =PI()/30*$H47*$C$6/AI$2*2.23649 -> 55.873919 | AK47: =(0.5*1.2*(AJ47*0.44704)^2*$C$3*$C$5+$C$4*9.81*($C$2*COS($C$7*PI()/180)+SIN($C$7*PI()/180)))*$C$6/AI$2 -> 20.900465 | AL47: =AI$2*$I47/$C$6 -> 2801.5404 | AO47: =PI()/30*$H47*$C$6/AN$2*2.23649 -> 83.810878 | AP47: =(0.5*1.2*(AO47*0.44704)^2*$C$3*$C$5+$C$4*9.81*($C$2*COS($C$7*PI()/180)+SIN($C$7*PI()/180)))*$C$6/AN$2 -> 54.935081 | AQ47: =AN$2*$I47/$C$6 -> 1867.6936 | AT47: =PI()/30*$H47*$C$6/AS$2*2.23649 -> 111.74784 | AU47: =(0.5*1.2*(AT47*0.44704)^2*$C$3*$C$5+$C$4*9.81*($C$2*COS($C$7*PI()/180)+SIN($C$7*PI()/180)))*$C$6/AS$2 -> 117.27096 | AV47: =AS$2*$I47/$C$6 -> 1400.7702 | AY47: =PI()/30*$H47*$C$6/AX$2*2.23649 -> 139.6848 | AZ47: =(0.5*1.2*(AY47*0.44704)^2*$C$3*$C$5+$C$4*9.81*($C$2*COS($C$7*PI()/180)+SIN($C$7*PI()/180)))*$C$6/AX$2 -> 217.34185
H48: 5000 | I48: 133.7 | K48: =10000/($H48*PI()/30) -> 19.098593 | L48: =20000/($H48*PI()/30) -> 38.197186 | M48: =30000/($H48*PI()/30) -> 57.29578 | N48: =40000/($H48*PI()/30) -> 76.394373 | O48: =50000/($H48*PI()/30) -> 95.492966 | P48: =60000/($H48*PI()/30) -> 114.59156 | Q48: =70000/($H48*PI()/30) -> 133.69015 | R48: =80000/($H48*PI()/30) -> 152.78875 | T48: 138 | U48: =70000/(T48*0.44704) -> 1134.6778 | V48: =0.5*1.2*($T48*0.44704)^2*$C$3*$C$5+$C$4*9.81*($C$2*COS(0*PI()/180)+SIN(0*PI()/180)) -> 1746.8912 | W48: =0.5*1.2*($T48*0.44704)^2*$C$3*$C$5+$C$4*9.81*($C$2*COS(5*PI()/180)+SIN(5*PI()/180)) -> 2677.3334 | X48: =0.5*1.2*($T48*0.44704)^2*$C$3*$C$5+$C$4*9.81*($C$2*COS(10*PI()/180)+SIN(10*PI()/180)) -> 3599.3935 | Y48: =0.5*1.2*($T48*0.44704)^2*$C$3*$C$5+$C$4*9.81*($C$2*COS(15*PI()/180)+SIN(15*PI()/180)) -> 4506.0541 | Z48: =0.5*1.2*($T48*0.44704)^2*$C$3*$C$5+$C$4*9.81*($C$2*COS(20*PI()/180)+SIN(20*PI()/180)) -> 5390.4149 | AA48: =0.5*1.2*($T48*0.44704)^2*$C$3*$C$5+$C$4*9.81*($C$2*COS(25*PI()/180)+SIN(25*PI()/180)) -> 6245.7454 | AB48: =0.5*1.2*($T48*0.44704)^2*$C$3*$C$5+$C$4*9.81*($C$2*COS(30*PI()/180)+SIN(30*PI()/180)) -> 7065.536 | AE48: =PI()/30*$H48*$C$6/AD$2*2.23649 -> 38.009469 | AF48: =(0.5*1.2*(AE48*0.44704)^2*$C$3*$C$5+$C$4*9.81*($C$2*COS($C$7*PI()/180)+SIN($C$7*PI()/180)))*$C$6/AD$2 -> 9.4286709 | AG48: =AD$2*$I48/$C$6 -> 4119.1271 | AJ48: =PI()/30*$H48*$C$6/AI$2*2.23649 -> 57.014203 | AK48: =(0.5*1.2*(AJ48*0.44704)^2*$C$3*$C$5+$C$4*9.81*($C$2*COS($C$7*PI()/180)+SIN($C$7*PI()/180)))*$C$6/AI$2 -> 21.419105 | AL48: =AI$2*$I48/$C$6 -> 2746.0847 | AO48: =PI()/30*$H48*$C$6/AN$2*2.23649 -> 85.521305 | AP48: =(0.5*1.2*(AO48*0.44704)^2*$C$3*$C$5+$C$4*9.81*($C$2*COS($C$7*PI()/180)+SIN($C$7*PI()/180)))*$C$6/AN$2 -> 56.685492 | AQ48: =AN$2*$I48/$C$6 -> 1830.7231 | AT48: =PI()/30*$H48*$C$6/AS$2*2.23649 -> 114.02841 | AU48: =(0.5*1.2*(AT48*0.44704)^2*$C$3*$C$5+$C$4*9.81*($C$2*COS($C$7*PI()/180)+SIN($C$7*PI()/180)))*$C$6/AS$2 -> 121.42008 | AV48: =AS$2*$I48/$C$6 -> 1373.0424 | AY48: =PI()/30*$H48*$C$6/AX$2*2.23649 -> 142.53551 | AZ48: =(0.5*1.2*(AY48*0.44704)^2*$C$3*$C$5+$C$4*9.81*($C$2*COS($C$7*PI()/180)+SIN($C$7*PI()/180)))*$C$6/AX$2 -> 225.4456
H49: 5100 | I49: 131.1 | K49: =10000/($H49*PI()/30) -> 18.724111 | L49: =20000/($H49*PI()/30) -> 37.448222 | M49: =30000/($H49*PI()/30) -> 56.172333 | N49: =40000/($H49*PI()/30) -> 74.896444 | O49: =50000/($H49*PI()/30) -> 93.620555 | P49: =60000/($H49*PI()/30) -> 112.34467 | Q49: =70000/($H49*PI()/30) -> 131.06878 | R49: =80000/($H49*PI()/30) -> 149.79289 | T49: 141 | U49: =70000/(T49*0.44704) -> 1110.5357 | V49: =0.5*1.2*($T49*0.44704)^2*$C$3*$C$5+$C$4*9.81*($C$2*COS(0*PI()/180)+SIN(0*PI()/180)) -> 1816.1561 | W49: =0.5*1.2*($T49*0.44704)^2*$C$3*$C$5+$C$4*9.81*($C$2*COS(5*PI()/180)+SIN(5*PI()/180)) -> 2746.5983 | X49: =0.5*1.2*($T49*0.44704)^2*$C$3*$C$5+$C$4*9.81*($C$2*COS(10*PI()/180)+SIN(10*PI()/180)) -> 3668.6584 | Y49: =0.5*1.2*($T49*0.44704)^2*$C$3*$C$5+$C$4*9.81*($C$2*COS(15*PI()/180)+SIN(15*PI()/180)) -> 4575.319 | Z49: =0.5*1.2*($T49*0.44704)^2*$C$3*$C$5+$C$4*9.81*($C$2*COS(20*PI()/180)+SIN(20*PI()/180)) -> 5459.6798 | AA49: =0.5*1.2*($T49*0.44704)^2*$C$3*$C$5+$C$4*9.81*($C$2*COS(25*PI()/180)+SIN(25*PI()/180)) -> 6315.0103 | AB49: =0.5*1.2*($T49*0.44704)^2*$C$3*$C$5+$C$4*9.81*($C$2*COS(30*PI()/180)+SIN(30*PI()/180)) -> 7134.8009 | AE49: =PI()/30*$H49*$C$6/AD$2*2.23649 -> 38.769658 | AF49: =(0.5*1.2*(AE49*0.44704)^2*$C$3*$C$5+$C$4*9.81*($C$2*COS($C$7*PI()/180)+SIN($C$7*PI()/180)))*$C$6/AD$2 -> 9.5854465 | AG49: =AD$2*$I49/$C$6 -> 4039.0244 | AJ49: =PI()/30*$H49*$C$6/AI$2*2.23649 -> 58.154487 | AK49: =(0.5*1.2*(AJ49*0.44704)^2*$C$3*$C$5+$C$4*9.81*($C$2*COS($C$7*PI()/180)+SIN($C$7*PI()/180)))*$C$6/AI$2 -> 21.948223 | AL49: =AI$2*$I49/$C$6 -> 2692.6829 | AO49: =PI()/30*$H49*$C$6/AN$2*2.23649 -> 87.231731 | AP49: =(0.5*1.2*(AO49*0.44704)^2*$C$3*$C$5+$C$4*9.81*($C$2*COS($C$7*PI()/180)+SIN($C$7*PI()/180)))*$C$6/AN$2 -> 58.471265 | AQ49: =AN$2*$I49/$C$6 -> 1795.122 | AT49: =PI()/30*$H49*$C$6/AS$2*2.23649 -> 116.30897 | AU49: =(0.5*1.2*(AT49*0.44704)^2*$C$3*$C$5+$C$4*9.81*($C$2*COS($C$7*PI()/180)+SIN($C$7*PI()/180)))*$C$6/AS$2 -> 125.65302 | AV49: =AS$2*$I49/$C$6 -> 1346.3415 | AY49: =PI()/30*$H49*$C$6/AX$2*2.23649 -> 145.38622 | AZ49: =(0.5*1.2*(AY49*0.44704)^2*$C$3*$C$5+$C$4*9.81*($C$2*COS($C$7*PI()/180)+SIN($C$7*PI()/180)))*$C$6/AX$2 -> 233.71307
H50: 5200 | I50: 128.5 | K50: =10000/($H50*PI()/30) -> 18.364032 | L50: =20000/($H50*PI()/30) -> 36.728064 | M50: =30000/($H50*PI()/30) -> 55.092096 | N50: =40000/($H50*PI()/30) -> 73.456128 | O50: =50000/($H50*PI()/30) -> 91.820159 | P50: =60000/($H50*PI()/30) -> 110.18419 | Q50: =70000/($H50*PI()/30) -> 128.54822 | R50: =80000/($H50*PI()/30) -> 146.91226 | T50: 144 | U50: =70000/(T50*0.44704) -> 1087.3996 | V50: =0.5*1.2*($T50*0.44704)^2*$C$3*$C$5+$C$4*9.81*($C$2*COS(0*PI()/180)+SIN(0*PI()/180)) -> 1886.9105 | W50: =0.5*1.2*($T50*0.44704)^2*$C$3*$C$5+$C$4*9.81*($C$2*COS(5*PI()/180)+SIN(5*PI()/180)) -> 2817.3527 | X50: =0.5*1.2*($T50*0.44704)^2*$C$3*$C$5+$C$4*9.81*($C$2*COS(10*PI()/180)+SIN(10*PI()/180)) -> 3739.4128 | Y50: =0.5*1.2*($T50*0.44704)^2*$C$3*$C$5+$C$4*9.81*($C$2*COS(15*PI()/180)+SIN(15*PI()/180)) -> 4646.0734 | Z50: =0.5*1.2*($T50*0.44704)^2*$C$3*$C$5+$C$4*9.81*($C$2*COS(20*PI()/180)+SIN(20*PI()/180)) -> 5530.4342 | AA50: =0.5*1.2*($T50*0.44704)^2*$C$3*$C$5+$C$4*9.81*($C$2*COS(25*PI()/180)+SIN(25*PI()/180)) -> 6385.7647 | AB50: =0.5*1.2*($T50*0.44704)^2*$C$3*$C$5+$C$4*9.81*($C$2*COS(30*PI()/180)+SIN(30*PI()/180)) -> 7205.5553 | AE50: =PI()/30*$H50*$C$6/AD$2*2.23649 -> 39.529847 | AF50: =(0.5*1.2*(AE50*0.44704)^2*$C$3*$C$5+$C$4*9.81*($C$2*COS($C$7*PI()/180)+SIN($C$7*PI()/180)))*$C$6/AD$2 -> 9.7453267 | AG50: =AD$2*$I50/$C$6 -> 3958.9217 | AJ50: =PI()/30*$H50*$C$6/AI$2*2.23649 -> 59.294771 | AK50: =(0.5*1.2*(AJ50*0.44704)^2*$C$3*$C$5+$C$4*9.81*($C$2*COS($C$7*PI()/180)+SIN($C$7*PI()/180)))*$C$6/AI$2 -> 22.487819 | AL50: =AI$2*$I50/$C$6 -> 2639.2811 | AO50: =PI()/30*$H50*$C$6/AN$2*2.23649 -> 88.942157 | AP50: =(0.5*1.2*(AO50*0.44704)^2*$C$3*$C$5+$C$4*9.81*($C$2*COS($C$7*PI()/180)+SIN($C$7*PI()/180)))*$C$6/AN$2 -> 60.2924 | AQ50: =AN$2*$I50/$C$6 -> 1759.5208 | AT50: =PI()/30*$H50*$C$6/AS$2*2.23649 -> 118.58954 | AU50: =(0.5*1.2*(AT50*0.44704)^2*$C$3*$C$5+$C$4*9.81*($C$2*COS($C$7*PI()/180)+SIN($C$7*PI()/180)))*$C$6/AS$2 -> 129.96979 | AY50: =PI()/30*$H50*$C$6/AX$2*2.23649 -> 148.23693 | AZ50: =(0.5*1.2*(AY50*0.44704)^2*$C$3*$C$5+$C$4*9.81*($C$2*COS($C$7*PI()/180)+SIN($C$7*PI()/180)))*$C$6/AX$2 -> 242.14425
H51: 5300 | I51: 126.1 | K51: =10000/($H51*PI()/30) -> 18.017541 | L51: =20000/($H51*PI()/30) -> 36.035081 | M51: =30000/($H51*PI()/30) -> 54.052622 | N51: =40000/($H51*PI()/30) -> 72.070163 | O51: =50000/($H51*PI()/30) -> 90.087704 | P51: =60000/($H51*PI()/30) -> 108.10524 | Q51: =70000/($H51*PI()/30) -> 126.12279 | R51: =80000/($H51*PI()/30) -> 144.14033 | T51: 147 | U51: =70000/(T51*0.44704) -> 1065.2078 | V51: =0.5*1.2*($T51*0.44704)^2*$C$3*$C$5+$C$4*9.81*($C$2*COS(0*PI()/180)+SIN(0*PI()/180)) -> 1959.1545 | W51: =0.5*1.2*($T51*0.44704)^2*$C$3*$C$5+$C$4*9.81*($C$2*COS(5*PI()/180)+SIN(5*PI()/180)) -> 2889.5967 | X51: =0.5*1.2*($T51*0.44704)^2*$C$3*$C$5+$C$4*9.81*($C$2*COS(10*PI()/180)+SIN(10*PI()/180)) -> 3811.6568 | Y51: =0.5*1.2*($T51*0.44704)^2*$C$3*$C$5+$C$4*9.81*($C$2*COS(15*PI()/180)+SIN(15*PI()/180)) -> 4718.3174 | Z51: =0.5*1.2*($T51*0.44704)^2*$C$3*$C$5+$C$4*9.81*($C$2*COS(20*PI()/180)+SIN(20*PI()/180)) -> 5602.6782 | AA51: =0.5*1.2*($T51*0.44704)^2*$C$3*$C$5+$C$4*9.81*($C$2*COS(25*PI()/180)+SIN(25*PI()/180)) -> 6458.0087 | AB51: =0.5*1.2*($T51*0.44704)^2*$C$3*$C$5+$C$4*9.81*($C$2*COS(30*PI()/180)+SIN(30*PI()/180)) -> 7277.7993 | AE51: =PI()/30*$H51*$C$6/AD$2*2.23649 -> 40.290037 | AF51: =(0.5*1.2*(AE51*0.44704)^2*$C$3*$C$5+$C$4*9.81*($C$2*COS($C$7*PI()/180)+SIN($C$7*PI()/180)))*$C$6/AD$2 -> 9.9083113 | AG51: =AD$2*$I51/$C$6 -> 3884.9807 | AJ51: =PI()/30*$H51*$C$6/AI$2*2.23649 -> 60.435055 | AK51: =(0.5*1.2*(AJ51*0.44704)^2*$C$3*$C$5+$C$4*9.81*($C$2*COS($C$7*PI()/180)+SIN($C$7*PI()/180)))*$C$6/AI$2 -> 23.037892 | AL51: =AI$2*$I51/$C$6 -> 2589.9872 | AO51: =PI()/30*$H51*$C$6/AN$2*2.23649 -> 90.652583 | AP51: =(0.5*1.2*(AO51*0.44704)^2*$C$3*$C$5+$C$4*9.81*($C$2*COS($C$7*PI()/180)+SIN($C$7*PI()/180)))*$C$6/AN$2 -> 62.148896 | AQ51: =AN$2*$I51/$C$6 -> 1726.6581 | AT51: =PI()/30*$H51*$C$6/AS$2*2.23649 -> 120.87011 | AU51: =(0.5*1.2*(AT51*0.44704)^2*$C$3*$C$5+$C$4*9.81*($C$2*COS($C$7*PI()/180)+SIN($C$7*PI()/180)))*$C$6/AS$2 -> 134.37037 | AY51: =PI()/30*$H51*$C$6/AX$2*2.23649 -> 151.08764 | AZ51: =(0.5*1.2*(AY51*0.44704)^2*$C$3*$C$5+$C$4*9.81*($C$2*COS($C$7*PI()/180)+SIN($C$7*PI()/180)))*$C$6/AX$2 -> 250.73914
H52: 5400 | I52: 123.8 | K52: =10000/($H52*PI()/30) -> 17.683883 | L52: =20000/($H52*PI()/30) -> 35.367765 | M52: =30000/($H52*PI()/30) -> 53.051648 | N52: =40000/($H52*PI()/30) -> 70.73553 | O52: =50000/($H52*PI()/30) -> 88.419413 | P52: =60000/($H52*PI()/30) -> 106.1033 | Q52: =70000/($H52*PI()/30) -> 123.78718 | R52: =80000/($H52*PI()/30) -> 141.47106 | T52: 150 | U52: =70000/(T52*0.44704) -> 1043.9036 | V52: =0.5*1.2*($T52*0.44704)^2*$C$3*$C$5+$C$4*9.81*($C$2*COS(0*PI()/180)+SIN(0*PI()/180)) -> 2032.8881 | W52: =0.5*1.2*($T52*0.44704)^2*$C$3*$C$5+$C$4*9.81*($C$2*COS(5*PI()/180)+SIN(5*PI()/180)) -> 2963.3303 | X52: =0.5*1.2*($T52*0.44704)^2*$C$3*$C$5+$C$4*9.81*($C$2*COS(10*PI()/180)+SIN(10*PI()/180)) -> 3885.3904 | Y52: =0.5*1.2*($T52*0.44704)^2*$C$3*$C$5+$C$4*9.81*($C$2*COS(15*PI()/180)+SIN(15*PI()/180)) -> 4792.051 | Z52: =0.5*1.2*($T52*0.44704)^2*$C$3*$C$5+$C$4*9.81*($C$2*COS(20*PI()/180)+SIN(20*PI()/180)) -> 5676.4117 | AA52: =0.5*1.2*($T52*0.44704)^2*$C$3*$C$5+$C$4*9.81*($C$2*COS(25*PI()/180)+SIN(25*PI()/180)) -> 6531.7422 | AB52: =0.5*1.2*($T52*0.44704)^2*$C$3*$C$5+$C$4*9.81*($C$2*COS(30*PI()/180)+SIN(30*PI()/180)) -> 7351.5329 | AE52: =PI()/30*$H52*$C$6/AD$2*2.23649 -> 41.050226 | AF52: =(0.5*1.2*(AE52*0.44704)^2*$C$3*$C$5+$C$4*9.81*($C$2*COS($C$7*PI()/180)+SIN($C$7*PI()/180)))*$C$6/AD$2 -> 10.0744 | AG52: =AD$2*$I52/$C$6 -> 3814.1207 | AJ52: =PI()/30*$H52*$C$6/AI$2*2.23649 -> 61.575339 | AK52: =(0.5*1.2*(AJ52*0.44704)^2*$C$3*$C$5+$C$4*9.81*($C$2*COS($C$7*PI()/180)+SIN($C$7*PI()/180)))*$C$6/AI$2 -> 23.598442 | AL52: =AI$2*$I52/$C$6 -> 2542.7471 | AO52: =PI()/30*$H52*$C$6/AN$2*2.23649 -> 92.363009 | AP52: =(0.5*1.2*(AO52*0.44704)^2*$C$3*$C$5+$C$4*9.81*($C$2*COS($C$7*PI()/180)+SIN($C$7*PI()/180)))*$C$6/AN$2 -> 64.040755 | AQ52: =AN$2*$I52/$C$6 -> 1695.1647 | AT52: =PI()/30*$H52*$C$6/AS$2*2.23649 -> 123.15068 | AU52: =(0.5*1.2*(AT52*0.44704)^2*$C$3*$C$5+$C$4*9.81*($C$2*COS($C$7*PI()/180)+SIN($C$7*PI()/180)))*$C$6/AS$2 -> 138.85478 | AY52: =PI()/30*$H52*$C$6/AX$2*2.23649 -> 153.93835 | AZ52: =(0.5*1.2*(AY52*0.44704)^2*$C$3*$C$5+$C$4*9.81*($C$2*COS($C$7*PI()/180)+SIN($C$7*PI()/180)))*$C$6/AX$2 -> 259.49774
H53: 5500 | I53: 121.5 | K53: =10000/($H53*PI()/30) -> 17.362357 | L53: =20000/($H53*PI()/30) -> 34.724715 | M53: =30000/($H53*PI()/30) -> 52.087072 | N53: =40000/($H53*PI()/30) -> 69.44943 | O53: =50000/($H53*PI()/30) -> 86.811787 | P53: =60000/($H53*PI()/30) -> 104.17414 | Q53: =70000/($H53*PI()/30) -> 121.5365 | R53: =80000/($H53*PI()/30) -> 138.89886 | T53: 153 | U53: =70000/(T53*0.44704) -> 1023.4349 | V53: =0.5*1.2*($T53*0.44704)^2*$C$3*$C$5+$C$4*9.81*($C$2*COS(0*PI()/180)+SIN(0*PI()/180)) -> 2108.1112 | W53: =0.5*1.2*($T53*0.44704)^2*$C$3*$C$5+$C$4*9.81*($C$2*COS(5*PI()/180)+SIN(5*PI()/180)) -> 3038.5534 | X53: =0.5*1.2*($T53*0.44704)^2*$C$3*$C$5+$C$4*9.81*($C$2*COS(10*PI()/180)+SIN(10*PI()/180)) -> 3960.6135 | Y53: =0.5*1.2*($T53*0.44704)^2*$C$3*$C$5+$C$4*9.81*($C$2*COS(15*PI()/180)+SIN(15*PI()/180)) -> 4867.2741 | Z53: =0.5*1.2*($T53*0.44704)^2*$C$3*$C$5+$C$4*9.81*($C$2*COS(20*PI()/180)+SIN(20*PI()/180)) -> 5751.6349 | AA53: =0.5*1.2*($T53*0.44704)^2*$C$3*$C$5+$C$4*9.81*($C$2*COS(25*PI()/180)+SIN(25*PI()/180)) -> 6606.9654 | AB53: =0.5*1.2*($T53*0.44704)^2*$C$3*$C$5+$C$4*9.81*($C$2*COS(30*PI()/180)+SIN(30*PI()/180)) -> 7426.756 | AE53: =PI()/30*$H53*$C$6/AD$2*2.23649 -> 41.810416 | AF53: =(0.5*1.2*(AE53*0.44704)^2*$C$3*$C$5+$C$4*9.81*($C$2*COS($C$7*PI()/180)+SIN($C$7*PI()/180)))*$C$6/AD$2 -> 10.243594 | AG53: =AD$2*$I53/$C$6 -> 3743.2606 | AJ53: =PI()/30*$H53*$C$6/AI$2*2.23649 -> 62.715623 | AK53: =(0.5*1.2*(AJ53*0.44704)^2*$C$3*$C$5+$C$4*9.81*($C$2*COS($C$7*PI()/180)+SIN($C$7*PI()/180)))*$C$6/AI$2 -> 24.169471 | AL53: =AI$2*$I53/$C$6 -> 2495.5071 | AO53: =PI()/30*$H53*$C$6/AN$2*2.23649 -> 94.073435 | AP53: =(0.5*1.2*(AO53*0.44704)^2*$C$3*$C$5+$C$4*9.81*($C$2*COS($C$7*PI()/180)+SIN($C$7*PI()/180)))*$C$6/AN$2 -> 65.967975 | AQ53: =AN$2*$I53/$C$6 -> 1663.6714 | AT53: =PI()/30*$H53*$C$6/AS$2*2.23649 -> 125.43125 | AU53: =(0.5*1.2*(AT53*0.44704)^2*$C$3*$C$5+$C$4*9.81*($C$2*COS($C$7*PI()/180)+SIN($C$7*PI()/180)))*$C$6/AS$2 -> 143.423 | AY53: =PI()/30*$H53*$C$6/AX$2*2.23649 -> 156.78906 | AZ53: =(0.5*1.2*(AY53*0.44704)^2*$C$3*$C$5+$C$4*9.81*($C$2*COS($C$7*PI()/180)+SIN($C$7*PI()/180)))*$C$6/AX$2 -> 268.42006
H54: 5600 | I54: 119.4 | K54: =10000/($H54*PI()/30) -> 17.052315 | L54: =20000/($H54*PI()/30) -> 34.104631 | M54: =30000/($H54*PI()/30) -> 51.156946 | N54: =40000/($H54*PI()/30) -> 68.209261 | O54: =50000/($H54*PI()/30) -> 85.261577 | P54: =60000/($H54*PI()/30) -> 102.31389 | Q54: =70000/($H54*PI()/30) -> 119.36621 | R54: =80000/($H54*PI()/30) -> 136.41852 | T54: 156 | U54: =70000/(T54*0.44704) -> 1003.7535 | V54: =0.5*1.2*($T54*0.44704)^2*$C$3*$C$5+$C$4*9.81*($C$2*COS(0*PI()/180)+SIN(0*PI()/180)) -> 2184.8239 | W54: =0.5*1.2*($T54*0.44704)^2*$C$3*$C$5+$C$4*9.81*($C$2*COS(5*PI()/180)+SIN(5*PI()/180)) -> 3115.2661 | X54: =0.5*1.2*($T54*0.44704)^2*$C$3*$C$5+$C$4*9.81*($C$2*COS(10*PI()/180)+SIN(10*PI()/180)) -> 4037.3262 | Y54: =0.5*1.2*($T54*0.44704)^2*$C$3*$C$5+$C$4*9.81*($C$2*COS(15*PI()/180)+SIN(15*PI()/180)) -> 4943.9868 | Z54: =0.5*1.2*($T54*0.44704)^2*$C$3*$C$5+$C$4*9.81*($C$2*COS(20*PI()/180)+SIN(20*PI()/180)) -> 5828.3476 | AA54: =0.5*1.2*($T54*0.44704)^2*$C$3*$C$5+$C$4*9.81*($C$2*COS(25*PI()/180)+SIN(25*PI()/180)) -> 6683.6781 | AB54: =0.5*1.2*($T54*0.44704)^2*$C$3*$C$5+$C$4*9.81*($C$2*COS(30*PI()/180)+SIN(30*PI()/180)) -> 7503.4687 | AE54: =PI()/30*$H54*$C$6/AD$2*2.23649 -> 42.570605 | AF54: =(0.5*1.2*(AE54*0.44704)^2*$C$3*$C$5+$C$4*9.81*($C$2*COS($C$7*PI()/180)+SIN($C$7*PI()/180)))*$C$6/AD$2 -> 10.415892 | AG54: =AD$2*$I54/$C$6 -> 3678.5623 | AJ54: =PI()/30*$H54*$C$6/AI$2*2.23649 -> 63.855907 | AK54: =(0.5*1.2*(AJ54*0.44704)^2*$C$3*$C$5+$C$4*9.81*($C$2*COS($C$7*PI()/180)+SIN($C$7*PI()/180)))*$C$6/AI$2 -> 24.750976 | AL54: =AI$2*$I54/$C$6 -> 2452.3748 | AO54: =PI()/30*$H54*$C$6/AN$2*2.23649 -> 95.783861 | AP54: =(0.5*1.2*(AO54*0.44704)^2*$C$3*$C$5+$C$4*9.81*($C$2*COS($C$7*PI()/180)+SIN($C$7*PI()/180)))*$C$6/AN$2 -> 67.930557 | AQ54: =AN$2*$I54/$C$6 -> 1634.9166 | AT54: =PI()/30*$H54*$C$6/AS$2*2.23649 -> 127.71181 | AU54: =(0.5*1.2*(AT54*0.44704)^2*$C$3*$C$5+$C$4*9.81*($C$2*COS($C$7*PI()/180)+SIN($C$7*PI()/180)))*$C$6/AS$2 -> 148.07505 | AY54: =PI()/30*$H54*$C$6/AX$2*2.23649 -> 159.63977 | AZ54: =(0.5*1.2*(AY54*0.44704)^2*$C$3*$C$5+$C$4*9.81*($C$2*COS($C$7*PI()/180)+SIN($C$7*PI()/180)))*$C$6/AX$2 -> 277.50609
H55: 5700 | I55: 117.3 | K55: =10000/($H55*PI()/30) -> 16.753152 | L55: =20000/($H55*PI()/30) -> 33.506304 | M55: =30000/($H55*PI()/30) -> 50.259456 | N55: =40000/($H55*PI()/30) -> 67.012608 | O55: =50000/($H55*PI()/30) -> 83.76576 | P55: =60000/($H55*PI()/30) -> 100.51891 | Q55: =70000/($H55*PI()/30) -> 117.27206 | R55: =80000/($H55*PI()/30) -> 134.02522 | T55: 159 | U55: =70000/(T55*0.44704) -> 984.81472 | V55: =0.5*1.2*($T55*0.44704)^2*$C$3*$C$5+$C$4*9.81*($C$2*COS(0*PI()/180)+SIN(0*PI()/180)) -> 2263.0262 | W55: =0.5*1.2*($T55*0.44704)^2*$C$3*$C$5+$C$4*9.81*($C$2*COS(5*PI()/180)+SIN(5*PI()/180)) -> 3193.4684 | X55: =0.5*1.2*($T55*0.44704)^2*$C$3*$C$5+$C$4*9.81*($C$2*COS(10*PI()/180)+SIN(10*PI()/180)) -> 4115.5285 | Y55: =0.5*1.2*($T55*0.44704)^2*$C$3*$C$5+$C$4*9.81*($C$2*COS(15*PI()/180)+SIN(15*PI()/180)) -> 5022.189 | Z55: =0.5*1.2*($T55*0.44704)^2*$C$3*$C$5+$C$4*9.81*($C$2*COS(20*PI()/180)+SIN(20*PI()/180)) -> 5906.5498 | AA55: =0.5*1.2*($T55*0.44704)^2*$C$3*$C$5+$C$4*9.81*($C$2*COS(25*PI()/180)+SIN(25*PI()/180)) -> 6761.8803 | AB55: =0.5*1.2*($T55*0.44704)^2*$C$3*$C$5+$C$4*9.81*($C$2*COS(30*PI()/180)+SIN(30*PI()/180)) -> 7581.671 | AE55: =PI()/30*$H55*$C$6/AD$2*2.23649 -> 43.330794 | AF55: =(0.5*1.2*(AE55*0.44704)^2*$C$3*$C$5+$C$4*9.81*($C$2*COS($C$7*PI()/180)+SIN($C$7*PI()/180)))*$C$6/AD$2 -> 10.591294 | AG55: =AD$2*$I55/$C$6 -> 3613.8639 | AJ55: =PI()/30*$H55*$C$6/AI$2*2.23649 -> 64.996191 | AK55: =(0.5*1.2*(AJ55*0.44704)^2*$C$3*$C$5+$C$4*9.81*($C$2*COS($C$7*PI()/180)+SIN($C$7*PI()/180)))*$C$6/AI$2 -> 25.34296 | AL55: =AI$2*$I55/$C$6 -> 2409.2426 | AO55: =PI()/30*$H55*$C$6/AN$2*2.23649 -> 97.494287 | AP55: =(0.5*1.2*(AO55*0.44704)^2*$C$3*$C$5+$C$4*9.81*($C$2*COS($C$7*PI()/180)+SIN($C$7*PI()/180)))*$C$6/AN$2 -> 69.928501 | AQ55: =AN$2*$I55/$C$6 -> 1606.1617 | AT55: =PI()/30*$H55*$C$6/AS$2*2.23649 -> 129.99238 | AU55: =(0.5*1.2*(AT55*0.44704)^2*$C$3*$C$5+$C$4*9.81*($C$2*COS($C$7*PI()/180)+SIN($C$7*PI()/180)))*$C$6/AS$2 -> 152.81092 | AY55: =PI()/30*$H55*$C$6/AX$2*2.23649 -> 162.49048 | AZ55: =(0.5*1.2*(AY55*0.44704)^2*$C$3*$C$5+$C$4*9.81*($C$2*COS($C$7*PI()/180)+SIN($C$7*PI()/180)))*$C$6/AX$2 -> 286.75583
H56: 5800 | I56: 115.3 | K56: =10000/($H56*PI()/30) -> 16.464304 | L56: =20000/($H56*PI()/30) -> 32.928609 | M56: =30000/($H56*PI()/30) -> 49.392913 | N56: =40000/($H56*PI()/30) -> 65.857218 | O56: =50000/($H56*PI()/30) -> 82.321522 | P56: =60000/($H56*PI()/30) -> 98.785827 | Q56: =70000/($H56*PI()/30) -> 115.25013 | R56: =80000/($H56*PI()/30) -> 131.71444 | T56: 162 | U56: =70000/(T56*0.44704) -> 966.57741 | V56: =0.5*1.2*($T56*0.44704)^2*$C$3*$C$5+$C$4*9.81*($C$2*COS(0*PI()/180)+SIN(0*PI()/180)) -> 2342.718 | W56: =0.5*1.2*($T56*0.44704)^2*$C$3*$C$5+$C$4*9.81*($C$2*COS(5*PI()/180)+SIN(5*PI()/180)) -> 3273.1602 | X56: =0.5*1.2*($T56*0.44704)^2*$C$3*$C$5+$C$4*9.81*($C$2*COS(10*PI()/180)+SIN(10*PI()/180)) -> 4195.2203 | Y56: =0.5*1.2*($T56*0.44704)^2*$C$3*$C$5+$C$4*9.81*($C$2*COS(15*PI()/180)+SIN(15*PI()/180)) -> 5101.8809 | Z56: =0.5*1.2*($T56*0.44704)^2*$C$3*$C$5+$C$4*9.81*($C$2*COS(20*PI()/180)+SIN(20*PI()/180)) -> 5986.2417 | AA56: =0.5*1.2*($T56*0.44704)^2*$C$3*$C$5+$C$4*9.81*($C$2*COS(25*PI()/180)+SIN(25*PI()/180)) -> 6841.5722 | AB56: =0.5*1.2*($T56*0.44704)^2*$C$3*$C$5+$C$4*9.81*($C$2*COS(30*PI()/180)+SIN(30*PI()/180)) -> 7661.3628 | AE56: =PI()/30*$H56*$C$6/AD$2*2.23649 -> 44.090984 | AF56: =(0.5*1.2*(AE56*0.44704)^2*$C$3*$C$5+$C$4*9.81*($C$2*COS($C$7*PI()/180)+SIN($C$7*PI()/180)))*$C$6/AD$2 -> 10.769801 | AG56: =AD$2*$I56/$C$6 -> 3552.2465 | AJ56: =PI()/30*$H56*$C$6/AI$2*2.23649 -> 66.136476 | AK56: =(0.5*1.2*(AJ56*0.44704)^2*$C$3*$C$5+$C$4*9.81*($C$2*COS($C$7*PI()/180)+SIN($C$7*PI()/180)))*$C$6/AI$2 -> 25.945421 | AL56: =AI$2*$I56/$C$6 -> 2368.1643 | AO56: =PI()/30*$H56*$C$6/AN$2*2.23649 -> 99.204713 | AP56: =(0.5*1.2*(AO56*0.44704)^2*$C$3*$C$5+$C$4*9.81*($C$2*COS($C$7*PI()/180)+SIN($C$7*PI()/180)))*$C$6/AN$2 -> 71.961807 | AQ56: =AN$2*$I56/$C$6 -> 1578.7762 | AT56: =PI()/30*$H56*$C$6/AS$2*2.23649 -> 132.27295 | AU56: =(0.5*1.2*(AT56*0.44704)^2*$C$3*$C$5+$C$4*9.81*($C$2*COS($C$7*PI()/180)+SIN($C$7*PI()/180)))*$C$6/AS$2 -> 157.6306 | AY56: =PI()/30*$H56*$C$6/AX$2*2.23649 -> 165.34119 | AZ56: =(0.5*1.2*(AY56*0.44704)^2*$C$3*$C$5+$C$4*9.81*($C$2*COS($C$7*PI()/180)+SIN($C$7*PI()/180)))*$C$6/AX$2 -> 296.16928
H57: 5900 | I57: 113.3 | K57: =10000/($H57*PI()/30) -> 16.185248 | L57: =20000/($H57*PI()/30) -> 32.370497 | M57: =30000/($H57*PI()/30) -> 48.555745 | N57: =40000/($H57*PI()/30) -> 64.740994 | O57: =50000/($H57*PI()/30) -> 80.926242 | P57: =60000/($H57*PI()/30) -> 97.111491 | Q57: =70000/($H57*PI()/30) -> 113.29674 | R57: =80000/($H57*PI()/30) -> 129.48199 | T57: 165 | U57: =70000/(T57*0.44704) -> 949.00328 | V57: =0.5*1.2*($T57*0.44704)^2*$C$3*$C$5+$C$4*9.81*($C$2*COS(0*PI()/180)+SIN(0*PI()/180)) -> 2423.8994 | W57: =0.5*1.2*($T57*0.44704)^2*$C$3*$C$5+$C$4*9.81*($C$2*COS(5*PI()/180)+SIN(5*PI()/180)) -> 3354.3416 | X57: =0.5*1.2*($T57*0.44704)^2*$C$3*$C$5+$C$4*9.81*($C$2*COS(10*PI()/180)+SIN(10*PI()/180)) -> 4276.4017 | Y57: =0.5*1.2*($T57*0.44704)^2*$C$3*$C$5+$C$4*9.81*($C$2*COS(15*PI()/180)+SIN(15*PI()/180)) -> 5183.0623 | Z57: =0.5*1.2*($T57*0.44704)^2*$C$3*$C$5+$C$4*9.81*($C$2*COS(20*PI()/180)+SIN(20*PI()/180)) -> 6067.4231 | AA57: =0.5*1.2*($T57*0.44704)^2*$C$3*$C$5+$C$4*9.81*($C$2*COS(25*PI()/180)+SIN(25*PI()/180)) -> 6922.7536 | AB57: =0.5*1.2*($T57*0.44704)^2*$C$3*$C$5+$C$4*9.81*($C$2*COS(30*PI()/180)+SIN(30*PI()/180)) -> 7742.5442 | AE57: =PI()/30*$H57*$C$6/AD$2*2.23649 -> 44.851173 | AF57: =(0.5*1.2*(AE57*0.44704)^2*$C$3*$C$5+$C$4*9.81*($C$2*COS($C$7*PI()/180)+SIN($C$7*PI()/180)))*$C$6/AD$2 -> 10.951413 | AG57: =AD$2*$I57/$C$6 -> 3490.629 | AJ57: =PI()/30*$H57*$C$6/AI$2*2.23649 -> 67.27676 | AK57: =(0.5*1.2*(AJ57*0.44704)^2*$C$3*$C$5+$C$4*9.81*($C$2*COS($C$7*PI()/180)+SIN($C$7*PI()/180)))*$C$6/AI$2 -> 26.558359 | AL57: =AI$2*$I57/$C$6 -> 2327.086 | AO57: =PI()/30*$H57*$C$6/AN$2*2.23649 -> 100.91514 | AP57: =(0.5*1.2*(AO57*0.44704)^2*$C$3*$C$5+$C$4*9.81*($C$2*COS($C$7*PI()/180)+SIN($C$7*PI()/180)))*$C$6/AN$2 -> 74.030475 | AQ57: =AN$2*$I57/$C$6 -> 1551.3907 | AT57: =PI()/30*$H57*$C$6/AS$2*2.23649 -> 134.55352 | AU57: =(0.5*1.2*(AT57*0.44704)^2*$C$3*$C$5+$C$4*9.81*($C$2*COS($C$7*PI()/180)+SIN($C$7*PI()/180)))*$C$6/AS$2 -> 162.53411 | AY57: =PI()/30*$H57*$C$6/AX$2*2.23649 -> 168.1919 | AZ57: =(0.5*1.2*(AY57*0.44704)^2*$C$3*$C$5+$C$4*9.81*($C$2*COS($C$7*PI()/180)+SIN($C$7*PI()/180)))*$C$6/AX$2 -> 305.74645
H58: 6000 | I58: 111.4 | K58: =10000/($H58*PI()/30) -> 15.915494 | L58: =20000/($H58*PI()/30) -> 31.830989 | M58: =30000/($H58*PI()/30) -> 47.746483 | N58: =40000/($H58*PI()/30) -> 63.661977 | O58: =50000/($H58*PI()/30) -> 79.577472 | P58: =60000/($H58*PI()/30) -> 95.492966 | Q58: =70000/($H58*PI()/30) -> 111.40846 | R58: =80000/($H58*PI()/30) -> 127.32395 | T58: 168 | U58: =70000/(T58*0.44704) -> 932.05679 | V58: =0.5*1.2*($T58*0.44704)^2*$C$3*$C$5+$C$4*9.81*($C$2*COS(0*PI()/180)+SIN(0*PI()/180)) -> 2506.5704 | W58: =0.5*1.2*($T58*0.44704)^2*$C$3*$C$5+$C$4*9.81*($C$2*COS(5*PI()/180)+SIN(5*PI()/180)) -> 3437.0126 | X58: =0.5*1.2*($T58*0.44704)^2*$C$3*$C$5+$C$4*9.81*($C$2*COS(10*PI()/180)+SIN(10*PI()/180)) -> 4359.0727 | Y58: =0.5*1.2*($T58*0.44704)^2*$C$3*$C$5+$C$4*9.81*($C$2*COS(15*PI()/180)+SIN(15*PI()/180)) -> 5265.7332 | Z58: =0.5*1.2*($T58*0.44704)^2*$C$3*$C$5+$C$4*9.81*($C$2*COS(20*PI()/180)+SIN(20*PI()/180)) -> 6150.094 | AA58: =0.5*1.2*($T58*0.44704)^2*$C$3*$C$5+$C$4*9.81*($C$2*COS(25*PI()/180)+SIN(25*PI()/180)) -> 7005.4245 | AB58: =0.5*1.2*($T58*0.44704)^2*$C$3*$C$5+$C$4*9.81*($C$2*COS(30*PI()/180)+SIN(30*PI()/180)) -> 7825.2152 | AE58: =PI()/30*$H58*$C$6/AD$2*2.23649 -> 45.611362 | AF58: =(0.5*1.2*(AE58*0.44704)^2*$C$3*$C$5+$C$4*9.81*($C$2*COS($C$7*PI()/180)+SIN($C$7*PI()/180)))*$C$6/AD$2 -> 11.136129 | AG58: =AD$2*$I58/$C$6 -> 3432.0924 | AJ58: =PI()/30*$H58*$C$6/AI$2*2.23649 -> 68.417044 | AK58: =(0.5*1.2*(AJ58*0.44704)^2*$C$3*$C$5+$C$4*9.81*($C$2*COS($C$7*PI()/180)+SIN($C$7*PI()/180)))*$C$6/AI$2 -> 27.181776 | AL58: =AI$2*$I58/$C$6 -> 2288.0616 | AO58: =PI()/30*$H58*$C$6/AN$2*2.23649 -> 102.62557 | AP58: =(0.5*1.2*(AO58*0.44704)^2*$C$3*$C$5+$C$4*9.81*($C$2*COS($C$7*PI()/180)+SIN($C$7*PI()/180)))*$C$6/AN$2 -> 76.134504 | AQ58: =AN$2*$I58/$C$6 -> 1525.3744 | AT58: =PI()/30*$H58*$C$6/AS$2*2.23649 -> 136.83409 | AU58: =(0.5*1.2*(AT58*0.44704)^2*$C$3*$C$5+$C$4*9.81*($C$2*COS($C$7*PI()/180)+SIN($C$7*PI()/180)))*$C$6/AS$2 -> 167.52144 | AY58: =PI()/30*$H58*$C$6/AX$2*2.23649 -> 171.04261 | AZ58: =(0.5*1.2*(AY58*0.44704)^2*$C$3*$C$5+$C$4*9.81*($C$2*COS($C$7*PI()/180)+SIN($C$7*PI()/180)))*$C$6/AX$2 -> 315.48733
H59: 6100 | I59: 109.1 | K59: =10000/($H59*PI()/30) -> 15.654585 | L59: =20000/($H59*PI()/30) -> 31.309169 | M59: =30000/($H59*PI()/30) -> 46.963754 | N59: =40000/($H59*PI()/30) -> 62.618338 | O59: =50000/($H59*PI()/30) -> 78.272923 | P59: =60000/($H59*PI()/30) -> 93.927507 | Q59: =70000/($H59*PI()/30) -> 109.58209 | R59: =80000/($H59*PI()/30) -> 125.23668 | T59: 171 | U59: =70000/(T59*0.44704) -> 915.70491 | V59: =0.5*1.2*($T59*0.44704)^2*$C$3*$C$5+$C$4*9.81*($C$2*COS(0*PI()/180)+SIN(0*PI()/180)) -> 2590.7309 | W59: =0.5*1.2*($T59*0.44704)^2*$C$3*$C$5+$C$4*9.81*($C$2*COS(5*PI()/180)+SIN(5*PI()/180)) -> 3521.1731 | X59: =0.5*1.2*($T59*0.44704)^2*$C$3*$C$5+$C$4*9.81*($C$2*COS(10*PI()/180)+SIN(10*PI()/180)) -> 4443.2332 | Y59: =0.5*1.2*($T59*0.44704)^2*$C$3*$C$5+$C$4*9.81*($C$2*COS(15*PI()/180)+SIN(15*PI()/180)) -> 5349.8938 | Z59: =0.5*1.2*($T59*0.44704)^2*$C$3*$C$5+$C$4*9.81*($C$2*COS(20*PI()/180)+SIN(20*PI()/180)) -> 6234.2546 | AA59: =0.5*1.2*($T59*0.44704)^2*$C$3*$C$5+$C$4*9.81*($C$2*COS(25*PI()/180)+SIN(25*PI()/180)) -> 7089.5851 | AB59: =0.5*1.2*($T59*0.44704)^2*$C$3*$C$5+$C$4*9.81*($C$2*COS(30*PI()/180)+SIN(30*PI()/180)) -> 7909.3757 | AE59: =PI()/30*$H59*$C$6/AD$2*2.23649 -> 46.371552 | AF59: =(0.5*1.2*(AE59*0.44704)^2*$C$3*$C$5+$C$4*9.81*($C$2*COS($C$7*PI()/180)+SIN($C$7*PI()/180)))*$C$6/AD$2 -> 11.323949 | AG59: =AD$2*$I59/$C$6 -> 3361.2323 | AJ59: =PI()/30*$H59*$C$6/AI$2*2.23649 -> 69.557328 | AK59: =(0.5*1.2*(AJ59*0.44704)^2*$C$3*$C$5+$C$4*9.81*($C$2*COS($C$7*PI()/180)+SIN($C$7*PI()/180)))*$C$6/AI$2 -> 27.815669 | AL59: =AI$2*$I59/$C$6 -> 2240.8216 | AO59: =PI()/30*$H59*$C$6/AN$2*2.23649 -> 104.33599 | AP59: =(0.5*1.2*(AO59*0.44704)^2*$C$3*$C$5+$C$4*9.81*($C$2*COS($C$7*PI()/180)+SIN($C$7*PI()/180)))*$C$6/AN$2 -> 78.273896 | AQ59: =AN$2*$I59/$C$6 -> 1493.881 | AT59: =PI()/30*$H59*$C$6/AS$2*2.23649 -> 139.11466 | AU59: =(0.5*1.2*(AT59*0.44704)^2*$C$3*$C$5+$C$4*9.81*($C$2*COS($C$7*PI()/180)+SIN($C$7*PI()/180)))*$C$6/AS$2 -> 172.59259 | AY59: =PI()/30*$H59*$C$6/AX$2*2.23649 -> 173.89332 | AZ59: =(0.5*1.2*(AY59*0.44704)^2*$C$3*$C$5+$C$4*9.81*($C$2*COS($C$7*PI()/180)+SIN($C$7*PI()/180)))*$C$6/AX$2 -> 325.39192
H60: 6200 | I60: 106.1 | K60: =10000/($H60*PI()/30) -> 15.402091 | L60: =20000/($H60*PI()/30) -> 30.804183 | M60: =30000/($H60*PI()/30) -> 46.206274 | N60: =40000/($H60*PI()/30) -> 61.608365 | O60: =50000/($H60*PI()/30) -> 77.010456 | P60: =60000/($H60*PI()/30) -> 92.412548 | Q60: =70000/($H60*PI()/30) -> 107.81464 | R60: =80000/($H60*PI()/30) -> 123.21673 | T60: 174 | U60: =70000/(T60*0.44704) -> 899.9169 | V60: =0.5*1.2*($T60*0.44704)^2*$C$3*$C$5+$C$4*9.81*($C$2*COS(0*PI()/180)+SIN(0*PI()/180)) -> 2676.381 | W60: =0.5*1.2*($T60*0.44704)^2*$C$3*$C$5+$C$4*9.81*($C$2*COS(5*PI()/180)+SIN(5*PI()/180)) -> 3606.8232 | X60: =0.5*1.2*($T60*0.44704)^2*$C$3*$C$5+$C$4*9.81*($C$2*COS(10*PI()/180)+SIN(10*PI()/180)) -> 4528.8833 | Y60: =0.5*1.2*($T60*0.44704)^2*$C$3*$C$5+$C$4*9.81*($C$2*COS(15*PI()/180)+SIN(15*PI()/180)) -> 5435.5439 | Z60: =0.5*1.2*($T60*0.44704)^2*$C$3*$C$5+$C$4*9.81*($C$2*COS(20*PI()/180)+SIN(20*PI()/180)) -> 6319.9047 | AA60: =0.5*1.2*($T60*0.44704)^2*$C$3*$C$5+$C$4*9.81*($C$2*COS(25*PI()/180)+SIN(25*PI()/180)) -> 7175.2352 | AB60: =0.5*1.2*($T60*0.44704)^2*$C$3*$C$5+$C$4*9.81*($C$2*COS(30*PI()/180)+SIN(30*PI()/180)) -> 7995.0258 | AE60: =PI()/30*$H60*$C$6/AD$2*2.23649 -> 47.131741 | AF60: =(0.5*1.2*(AE60*0.44704)^2*$C$3*$C$5+$C$4*9.81*($C$2*COS($C$7*PI()/180)+SIN($C$7*PI()/180)))*$C$6/AD$2 -> 11.514874 | AG60: =AD$2*$I60/$C$6 -> 3268.8062 | AJ60: =PI()/30*$H60*$C$6/AI$2*2.23649 -> 70.697612 | AK60: =(0.5*1.2*(AJ60*0.44704)^2*$C$3*$C$5+$C$4*9.81*($C$2*COS($C$7*PI()/180)+SIN($C$7*PI()/180)))*$C$6/AI$2 -> 28.460041 | AL60: =AI$2*$I60/$C$6 -> 2179.2041 | AO60: =PI()/30*$H60*$C$6/AN$2*2.23649 -> 106.04642 | AP60: =(0.5*1.2*(AO60*0.44704)^2*$C$3*$C$5+$C$4*9.81*($C$2*COS($C$7*PI()/180)+SIN($C$7*PI()/180)))*$C$6/AN$2 -> 80.448649 | AQ60: =AN$2*$I60/$C$6 -> 1452.8027 | AT60: =PI()/30*$H60*$C$6/AS$2*2.23649 -> 141.39522 | AU60: =(0.5*1.2*(AT60*0.44704)^2*$C$3*$C$5+$C$4*9.81*($C$2*COS($C$7*PI()/180)+SIN($C$7*PI()/180)))*$C$6/AS$2 -> 177.74756 | AY60: =PI()/30*$H60*$C$6/AX$2*2.23649 -> 176.74403 | AZ60: =(0.5*1.2*(AY60*0.44704)^2*$C$3*$C$5+$C$4*9.81*($C$2*COS($C$7*PI()/180)+SIN($C$7*PI()/180)))*$C$6/AX$2 -> 335.46022
H61: 6300 | I61: 102.3 | K61: =10000/($H61*PI()/30) -> 15.157614 | L61: =20000/($H61*PI()/30) -> 30.315227 | M61: =30000/($H61*PI()/30) -> 45.472841 | N61: =40000/($H61*PI()/30) -> 60.630455 | O61: =50000/($H61*PI()/30) -> 75.788068 | P61: =60000/($H61*PI()/30) -> 90.945682 | Q61: =70000/($H61*PI()/30) -> 106.1033 | R61: =80000/($H61*PI()/30) -> 121.26091 | T61: 177 | U61: =70000/(T61*0.44704) -> 884.66407 | V61: =0.5*1.2*($T61*0.44704)^2*$C$3*$C$5+$C$4*9.81*($C$2*COS(0*PI()/180)+SIN(0*PI()/180)) -> 2763.5207 | W61: =0.5*1.2*($T61*0.44704)^2*$C$3*$C$5+$C$4*9.81*($C$2*COS(5*PI()/180)+SIN(5*PI()/180)) -> 3693.9629 | X61: =0.5*1.2*($T61*0.44704)^2*$C$3*$C$5+$C$4*9.81*($C$2*COS(10*PI()/180)+SIN(10*PI()/180)) -> 4616.023 | Y61: =0.5*1.2*($T61*0.44704)^2*$C$3*$C$5+$C$4*9.81*($C$2*COS(15*PI()/180)+SIN(15*PI()/180)) -> 5522.6835 | Z61: =0.5*1.2*($T61*0.44704)^2*$C$3*$C$5+$C$4*9.81*($C$2*COS(20*PI()/180)+SIN(20*PI()/180)) -> 6407.0443 | AA61: =0.5*1.2*($T61*0.44704)^2*$C$3*$C$5+$C$4*9.81*($C$2*COS(25*PI()/180)+SIN(25*PI()/180)) -> 7262.3748 | AB61: =0.5*1.2*($T61*0.44704)^2*$C$3*$C$5+$C$4*9.81*($C$2*COS(30*PI()/180)+SIN(30*PI()/180)) -> 8082.1654 | AE61: =PI()/30*$H61*$C$6/AD$2*2.23649 -> 47.891931 | AF61: =(0.5*1.2*(AE61*0.44704)^2*$C$3*$C$5+$C$4*9.81*($C$2*COS($C$7*PI()/180)+SIN($C$7*PI()/180)))*$C$6/AD$2 -> 11.708903 | AG61: =AD$2*$I61/$C$6 -> 3151.733 | AJ61: =PI()/30*$H61*$C$6/AI$2*2.23649 -> 71.837896 | AK61: =(0.5*1.2*(AJ61*0.44704)^2*$C$3*$C$5+$C$4*9.81*($C$2*COS($C$7*PI()/180)+SIN($C$7*PI()/180)))*$C$6/AI$2 -> 29.11489 | AL61: =AI$2*$I61/$C$6 -> 2101.1553 | AO61: =PI()/30*$H61*$C$6/AN$2*2.23649 -> 107.75684 | AP61: =(0.5*1.2*(AO61*0.44704)^2*$C$3*$C$5+$C$4*9.81*($C$2*COS($C$7*PI()/180)+SIN($C$7*PI()/180)))*$C$6/AN$2 -> 82.658764 | AQ61: =AN$2*$I61/$C$6 -> 1400.7702 | AT61: =PI()/30*$H61*$C$6/AS$2*2.23649 -> 143.67579 | AU61: =(0.5*1.2*(AT61*0.44704)^2*$C$3*$C$5+$C$4*9.81*($C$2*COS($C$7*PI()/180)+SIN($C$7*PI()/180)))*$C$6/AS$2 -> 182.98635 | AY61: =PI()/30*$H61*$C$6/AX$2*2.23649 -> 179.59474 | AZ61: =(0.5*1.2*(AY61*0.44704)^2*$C$3*$C$5+$C$4*9.81*($C$2*COS($C$7*PI()/180)+SIN($C$7*PI()/180)))*$C$6/AX$2 -> 345.69223
... H63: 6500 | I63: 92.6 | K63: =10000/($H63*PI()/30) -> 14.691226 | L63: =20000/($H63*PI()/30) -> 29.382451 | M63: =30000/($H63*PI()/30) -> 44.073677 | N63: =40000/($H63*PI()/30) -> 58.764902 | O63: =50000/($H63*PI()/30) -> 73.456128 | P63: =60000/($H63*PI()/30) -> 88.147353 | Q63: =70000/($H63*PI()/30) -> 102.83858 | R63: =80000/($H63*PI()/30) -> 117.5298 | T63: 183 | U63: =70000/(T63*0.44704) -> 855.65869 | V63: =0.5*1.2*($T63*0.44704)^2*$C$3*$C$5+$C$4*9.81*($C$2*COS(0*PI()/180)+SIN(0*PI()/180)) -> 2942.2687 | W63: =0.5*1.2*($T63*0.44704)^2*$C$3*$C$5+$C$4*9.81*($C$2*COS(5*PI()/180)+SIN(5*PI()/180)) -> 3872.7109 | X63: =0.5*1.2*($T63*0.44704)^2*$C$3*$C$5+$C$4*9.81*($C$2*COS(10*PI()/180)+SIN(10*PI()/180)) -> 4794.771 | Y63: =0.5*1.2*($T63*0.44704)^2*$C$3*$C$5+$C$4*9.81*($C$2*COS(15*PI()/180)+SIN(15*PI()/180)) -> 5701.4316 | Z63: =0.5*1.2*($T63*0.44704)^2*$C$3*$C$5+$C$4*9.81*($C$2*COS(20*PI()/180)+SIN(20*PI()/180)) -> 6585.7923 | AA63: =0.5*1.2*($T63*0.44704)^2*$C$3*$C$5+$C$4*9.81*($C$2*COS(25*PI()/180)+SIN(25*PI()/180)) -> 7441.1228 | AB63: =0.5*1.2*($T63*0.44704)^2*$C$3*$C$5+$C$4*9.81*($C$2*COS(30*PI()/180)+SIN(30*PI()/180)) -> 8260.9135 | AE63: =PI()/30*$H63*$C$6/AD$2*2.23649 -> 49.412309 | AF63: =(0.5*1.2*(AE63*0.44704)^2*$C$3*$C$5+$C$4*9.81*($C$2*COS($C$7*PI()/180)+SIN($C$7*PI()/180)))*$C$6/AD$2 -> 12.106275 | AG63: =AD$2*$I63/$C$6 -> 2852.8883 | AJ63: =PI()/30*$H63*$C$6/AI$2*2.23649 -> 74.118464 | AK63: =(0.5*1.2*(AJ63*0.44704)^2*$C$3*$C$5+$C$4*9.81*($C$2*COS($C$7*PI()/180)+SIN($C$7*PI()/180)))*$C$6/AI$2 -> 30.45602 | AL63: =AI$2*$I63/$C$6 -> 1901.9255 | AO63: =PI()/30*$H63*$C$6/AN$2*2.23649 -> 111.1777 | AP63: =(0.5*1.2*(AO63*0.44704)^2*$C$3*$C$5+$C$4*9.81*($C$2*COS($C$7*PI()/180)+SIN($C$7*PI()/180)))*$C$6/AN$2 -> 87.18508 | AQ63: =AN$2*$I63/$C$6 -> 1267.9504 | AT63: =PI()/30*$H63*$C$6/AS$2*2.23649 -> 148.23693 | AU63: =(0.5*1.2*(AT63*0.44704)^2*$C$3*$C$5+$C$4*9.81*($C$2*COS($C$7*PI()/180)+SIN($C$7*PI()/180)))*$C$6/AS$2 -> 193.7154 | AY63: =PI()/30*$H63*$C$6/AX$2*2.23649 -> 185.29616 | AZ63: =(0.5*1.2*(AY63*0.44704)^2*$C$3*$C$5+$C$4*9.81*($C$2*COS($C$7*PI()/180)+SIN($C$7*PI()/180)))*$C$6/AX$2 -> 366.6474
H64: 6600 | K64: =10000/($H64*PI()/30) -> 14.468631 | L64: =20000/($H64*PI()/30) -> 28.937262 | M64: =30000/($H64*PI()/30) -> 43.405894 | N64: =40000/($H64*PI()/30) -> 57.874525 | O64: =50000/($H64*PI()/30) -> 72.343156 | P64: =60000/($H64*PI()/30) -> 86.811787 | Q64: =70000/($H64*PI()/30) -> 101.28042 | R64: =80000/($H64*PI()/30) -> 115.74905 | T64: 186 | U64: =70000/(T64*0.44704) -> 841.85774 | V64: =0.5*1.2*($T64*0.44704)^2*$C$3*$C$5+$C$4*9.81*($C$2*COS(0*PI()/180)+SIN(0*PI()/180)) -> 3033.877 | W64: =0.5*1.2*($T64*0.44704)^2*$C$3*$C$5+$C$4*9.81*($C$2*COS(5*PI()/180)+SIN(5*PI()/180)) -> 3964.3193 | X64: =0.5*1.2*($T64*0.44704)^2*$C$3*$C$5+$C$4*9.81*($C$2*COS(10*PI()/180)+SIN(10*PI()/180)) -> 4886.3794 | Y64: =0.5*1.2*($T64*0.44704)^2*$C$3*$C$5+$C$4*9.81*($C$2*COS(15*PI()/180)+SIN(15*PI()/180)) -> 5793.0399 | Z64: =0.5*1.2*($T64*0.44704)^2*$C$3*$C$5+$C$4*9.81*($C$2*COS(20*PI()/180)+SIN(20*PI()/180)) -> 6677.4007 | AA64: =0.5*1.2*($T64*0.44704)^2*$C$3*$C$5+$C$4*9.81*($C$2*COS(25*PI()/180)+SIN(25*PI()/180)) -> 7532.7312 | AB64: =0.5*1.2*($T64*0.44704)^2*$C$3*$C$5+$C$4*9.81*($C$2*COS(30*PI()/180)+SIN(30*PI()/180)) -> 8352.5218 | AE64: =PI()/30*$H64*$C$6/AD$2*2.23649 -> 50.172499 | AF64: =(0.5*1.2*(AE64*0.44704)^2*$C$3*$C$5+$C$4*9.81*($C$2*COS($C$7*PI()/180)+SIN($C$7*PI()/180)))*$C$6/AD$2 -> 12.309618 | AJ64: =PI()/30*$H64*$C$6/AI$2*2.23649 -> 75.258748 | AK64: =(0.5*1.2*(AJ64*0.44704)^2*$C$3*$C$5+$C$4*9.81*($C$2*COS($C$7*PI()/180)+SIN($C$7*PI()/180)))*$C$6/AI$2 -> 31.142302 | AO64: =PI()/30*$H64*$C$6/AN$2*2.23649 -> 112.88812 | AP64: =(0.5*1.2*(AO64*0.44704)^2*$C$3*$C$5+$C$4*9.81*($C$2*COS($C$7*PI()/180)+SIN($C$7*PI()/180)))*$C$6/AN$2 -> 89.50128 | AT64: =PI()/30*$H64*$C$6/AS$2*2.23649 -> 150.5175 | AU64: =(0.5*1.2*(AT64*0.44704)^2*$C$3*$C$5+$C$4*9.81*($C$2*COS($C$7*PI()/180)+SIN($C$7*PI()/180)))*$C$6/AS$2 -> 199.20565 | AY64: =PI()/30*$H64*$C$6/AX$2*2.23649 -> 188.14687 | AZ64: =(0.5*1.2*(AY64*0.44704)^2*$C$3*$C$5+$C$4*9.81*($C$2*COS($C$7*PI()/180)+SIN($C$7*PI()/180)))*$C$6/AX$2 -> 377.37055
H65: 6700 | K65: =10000/($H65*PI()/30) -> 14.252681 | L65: =20000/($H65*PI()/30) -> 28.505363 | M65: =30000/($H65*PI()/30) -> 42.758044 | N65: =40000/($H65*PI()/30) -> 57.010726 | O65: =50000/($H65*PI()/30) -> 71.263407 | P65: =60000/($H65*PI()/30) -> 85.516089 | Q65: =70000/($H65*PI()/30) -> 99.76877 | R65: =80000/($H65*PI()/30) -> 114.02145 | T65: 189 | U65: =70000/(T65*0.44704) -> 828.49492 | V65: =0.5*1.2*($T65*0.44704)^2*$C$3*$C$5+$C$4*9.81*($C$2*COS(0*PI()/180)+SIN(0*PI()/180)) -> 3126.975 | W65: =0.5*1.2*($T65*0.44704)^2*$C$3*$C$5+$C$4*9.81*($C$2*COS(5*PI()/180)+SIN(5*PI()/180)) -> 4057.4172 | X65: =0.5*1.2*($T65*0.44704)^2*$C$3*$C$5+$C$4*9.81*($C$2*COS(10*PI()/180)+SIN(10*PI()/180)) -> 4979.4773 | Y65: =0.5*1.2*($T65*0.44704)^2*$C$3*$C$5+$C$4*9.81*($C$2*COS(15*PI()/180)+SIN(15*PI()/180)) -> 5886.1378 | Z65: =0.5*1.2*($T65*0.44704)^2*$C$3*$C$5+$C$4*9.81*($C$2*COS(20*PI()/180)+SIN(20*PI()/180)) -> 6770.4986 | AA65: =0.5*1.2*($T65*0.44704)^2*$C$3*$C$5+$C$4*9.81*($C$2*COS(25*PI()/180)+SIN(25*PI()/180)) -> 7625.8291 | AB65: =0.5*1.2*($T65*0.44704)^2*$C$3*$C$5+$C$4*9.81*($C$2*COS(30*PI()/180)+SIN(30*PI()/180)) -> 8445.6198 | AE65: =PI()/30*$H65*$C$6/AD$2*2.23649 -> 50.932688 | AF65: =(0.5*1.2*(AE65*0.44704)^2*$C$3*$C$5+$C$4*9.81*($C$2*COS($C$7*PI()/180)+SIN($C$7*PI()/180)))*$C$6/AD$2 -> 12.516065 | AJ65: =PI()/30*$H65*$C$6/AI$2*2.23649 -> 76.399032 | AK65: =(0.5*1.2*(AJ65*0.44704)^2*$C$3*$C$5+$C$4*9.81*($C$2*COS($C$7*PI()/180)+SIN($C$7*PI()/180)))*$C$6/AI$2 -> 31.839061 | AO65: =PI()/30*$H65*$C$6/AN$2*2.23649 -> 114.59855 | AP65: =(0.5*1.2*(AO65*0.44704)^2*$C$3*$C$5+$C$4*9.81*($C$2*COS($C$7*PI()/180)+SIN($C$7*PI()/180)))*$C$6/AN$2 -> 91.852843 | AT65: =PI()/30*$H65*$C$6/AS$2*2.23649 -> 152.79806 | AU65: =(0.5*1.2*(AT65*0.44704)^2*$C$3*$C$5+$C$4*9.81*($C$2*COS($C$7*PI()/180)+SIN($C$7*PI()/180)))*$C$6/AS$2 -> 204.77973 | AY65: =PI()/30*$H65*$C$6/AX$2*2.23649 -> 190.99758 | AZ65: =(0.5*1.2*(AY65*0.44704)^2*$C$3*$C$5+$C$4*9.81*($C$2*COS($C$7*PI()/180)+SIN($C$7*PI()/180)))*$C$6/AX$2 -> 388.25741
H66: 6800 | K66: =10000/($H66*PI()/30) -> 14.043083 | L66: =20000/($H66*PI()/30) -> 28.086166 | M66: =30000/($H66*PI()/30) -> 42.12925 | N66: =40000/($H66*PI()/30) -> 56.172333 | O66: =50000/($H66*PI()/30) -> 70.215416 | P66: =60000/($H66*PI()/30) -> 84.258499 | Q66: =70000/($H66*PI()/30) -> 98.301582 | R66: =80000/($H66*PI()/30) -> 112.34467 | T66: 192 | U66: =70000/(T66*0.44704) -> 815.54969 | V66: =0.5*1.2*($T66*0.44704)^2*$C$3*$C$5+$C$4*9.81*($C$2*COS(0*PI()/180)+SIN(0*PI()/180)) -> 3221.5625 | W66: =0.5*1.2*($T66*0.44704)^2*$C$3*$C$5+$C$4*9.81*($C$2*COS(5*PI()/180)+SIN(5*PI()/180)) -> 4152.0047 | X66: =0.5*1.2*($T66*0.44704)^2*$C$3*$C$5+$C$4*9.81*($C$2*COS(10*PI()/180)+SIN(10*PI()/180)) -> 5074.0648 | Y66: =0.5*1.2*($T66*0.44704)^2*$C$3*$C$5+$C$4*9.81*($C$2*COS(15*PI()/180)+SIN(15*PI()/180)) -> 5980.7253 | Z66: =0.5*1.2*($T66*0.44704)^2*$C$3*$C$5+$C$4*9.81*($C$2*COS(20*PI()/180)+SIN(20*PI()/180)) -> 6865.0861 | AA66: =0.5*1.2*($T66*0.44704)^2*$C$3*$C$5+$C$4*9.81*($C$2*COS(25*PI()/180)+SIN(25*PI()/180)) -> 7720.4166 | AB66: =0.5*1.2*($T66*0.44704)^2*$C$3*$C$5+$C$4*9.81*($C$2*COS(30*PI()/180)+SIN(30*PI()/180)) -> 8540.2073 | AE66: =PI()/30*$H66*$C$6/AD$2*2.23649 -> 51.692877 | AF66: =(0.5*1.2*(AE66*0.44704)^2*$C$3*$C$5+$C$4*9.81*($C$2*COS($C$7*PI()/180)+SIN($C$7*PI()/180)))*$C$6/AD$2 -> 12.725617 | AJ66: =PI()/30*$H66*$C$6/AI$2*2.23649 -> 77.539316 | AK66: =(0.5*1.2*(AJ66*0.44704)^2*$C$3*$C$5+$C$4*9.81*($C$2*COS($C$7*PI()/180)+SIN($C$7*PI()/180)))*$C$6/AI$2 -> 32.546298 | AO66: =PI()/30*$H66*$C$6/AN$2*2.23649 -> 116.30897 | AP66: =(0.5*1.2*(AO66*0.44704)^2*$C$3*$C$5+$C$4*9.81*($C$2*COS($C$7*PI()/180)+SIN($C$7*PI()/180)))*$C$6/AN$2 -> 94.239767 | AT66: =PI()/30*$H66*$C$6/AS$2*2.23649 -> 155.07863 | AU66: =(0.5*1.2*(AT66*0.44704)^2*$C$3*$C$5+$C$4*9.81*($C$2*COS($C$7*PI()/180)+SIN($C$7*PI()/180)))*$C$6/AS$2 -> 210.43762 | AY66: =PI()/30*$H66*$C$6/AX$2*2.23649 -> 193.84829 | AZ66: =(0.5*1.2*(AY66*0.44704)^2*$C$3*$C$5+$C$4*9.81*($C$2*COS($C$7*PI()/180)+SIN($C$7*PI()/180)))*$C$6/AX$2 -> 399.30799
H67: 6900 | K67: =10000/($H67*PI()/30) -> 13.83956 | L67: =20000/($H67*PI()/30) -> 27.679121 | M67: =30000/($H67*PI()/30) -> 41.518681 | N67: =40000/($H67*PI()/30) -> 55.358241 | O67: =50000/($H67*PI()/30) -> 69.197801 | P67: =60000/($H67*PI()/30) -> 83.037362 | Q67: =70000/($H67*PI()/30) -> 96.876922 | R67: =80000/($H67*PI()/30) -> 110.71648 | T67: 195 | U67: =70000/(T67*0.44704) -> 803.00277 | V67: =0.5*1.2*($T67*0.44704)^2*$C$3*$C$5+$C$4*9.81*($C$2*COS(0*PI()/180)+SIN(0*PI()/180)) -> 3317.6395 | W67: =0.5*1.2*($T67*0.44704)^2*$C$3*$C$5+$C$4*9.81*($C$2*COS(5*PI()/180)+SIN(5*PI()/180)) -> 4248.0817 | X67: =0.5*1.2*($T67*0.44704)^2*$C$3*$C$5+$C$4*9.81*($C$2*COS(10*PI()/180)+SIN(10*PI()/180)) -> 5170.1418 | Y67: =0.5*1.2*($T67*0.44704)^2*$C$3*$C$5+$C$4*9.81*($C$2*COS(15*PI()/180)+SIN(15*PI()/180)) -> 6076.8024 | Z67: =0.5*1.2*($T67*0.44704)^2*$C$3*$C$5+$C$4*9.81*($C$2*COS(20*PI()/180)+SIN(20*PI()/180)) -> 6961.1632 | AA67: =0.5*1.2*($T67*0.44704)^2*$C$3*$C$5+$C$4*9.81*($C$2*COS(25*PI()/180)+SIN(25*PI()/180)) -> 7816.4937 | AB67: =0.5*1.2*($T67*0.44704)^2*$C$3*$C$5+$C$4*9.81*($C$2*COS(30*PI()/180)+SIN(30*PI()/180)) -> 8636.2843 | AE67: =PI()/30*$H67*$C$6/AD$2*2.23649 -> 52.453067 | AF67: =(0.5*1.2*(AE67*0.44704)^2*$C$3*$C$5+$C$4*9.81*($C$2*COS($C$7*PI()/180)+SIN($C$7*PI()/180)))*$C$6/AD$2 -> 12.938273 | AJ67: =PI()/30*$H67*$C$6/AI$2*2.23649 -> 78.6796 | AK67: =(0.5*1.2*(AJ67*0.44704)^2*$C$3*$C$5+$C$4*9.81*($C$2*COS($C$7*PI()/180)+SIN($C$7*PI()/180)))*$C$6/AI$2 -> 33.264012 | AO67: =PI()/30*$H67*$C$6/AN$2*2.23649 -> 118.0194 | AP67: =(0.5*1.2*(AO67*0.44704)^2*$C$3*$C$5+$C$4*9.81*($C$2*COS($C$7*PI()/180)+SIN($C$7*PI()/180)))*$C$6/AN$2 -> 96.662053 | AT67: =PI()/30*$H67*$C$6/AS$2*2.23649 -> 157.3592 | AU67: =(0.5*1.2*(AT67*0.44704)^2*$C$3*$C$5+$C$4*9.81*($C$2*COS($C$7*PI()/180)+SIN($C$7*PI()/180)))*$C$6/AS$2 -> 216.17934 | AY67: =PI()/30*$H67*$C$6/AX$2*2.23649 -> 196.699 | AZ67: =(0.5*1.2*(AY67*0.44704)^2*$C$3*$C$5+$C$4*9.81*($C$2*COS($C$7*PI()/180)+SIN($C$7*PI()/180)))*$C$6/AX$2 -> 410.52227
H68: 7000 | K68: =10000/($H68*PI()/30) -> 13.641852 | L68: =20000/($H68*PI()/30) -> 27.283705 | M68: =30000/($H68*PI()/30) -> 40.925557 | N68: =40000/($H68*PI()/30) -> 54.567409 | O68: =50000/($H68*PI()/30) -> 68.209261 | P68: =60000/($H68*PI()/30) -> 81.851114 | Q68: =70000/($H68*PI()/30) -> 95.492966 | R68: =80000/($H68*PI()/30) -> 109.13482 | T68: 198 | U68: =70000/(T68*0.44704) -> 790.83606 | V68: =0.5*1.2*($T68*0.44704)^2*$C$3*$C$5+$C$4*9.81*($C$2*COS(0*PI()/180)+SIN(0*PI()/180)) -> 3415.2062 | W68: =0.5*1.2*($T68*0.44704)^2*$C$3*$C$5+$C$4*9.81*($C$2*COS(5*PI()/180)+SIN(5*PI()/180)) -> 4345.6484 | X68: =0.5*1.2*($T68*0.44704)^2*$C$3*$C$5+$C$4*9.81*($C$2*COS(10*PI()/180)+SIN(10*PI()/180)) -> 5267.7085 | Y68: =0.5*1.2*($T68*0.44704)^2*$C$3*$C$5+$C$4*9.81*($C$2*COS(15*PI()/180)+SIN(15*PI()/180)) -> 6174.369 | Z68: =0.5*1.2*($T68*0.44704)^2*$C$3*$C$5+$C$4*9.81*($C$2*COS(20*PI()/180)+SIN(20*PI()/180)) -> 7058.7298 | AA68: =0.5*1.2*($T68*0.44704)^2*$C$3*$C$5+$C$4*9.81*($C$2*COS(25*PI()/180)+SIN(25*PI()/180)) -> 7914.0603 | AB68: =0.5*1.2*($T68*0.44704)^2*$C$3*$C$5+$C$4*9.81*($C$2*COS(30*PI()/180)+SIN(30*PI()/180)) -> 8733.851 | AE68: =PI()/30*$H68*$C$6/AD$2*2.23649 -> 53.213256 | AF68: =(0.5*1.2*(AE68*0.44704)^2*$C$3*$C$5+$C$4*9.81*($C$2*COS($C$7*PI()/180)+SIN($C$7*PI()/180)))*$C$6/AD$2 -> 13.154034 | AJ68: =PI()/30*$H68*$C$6/AI$2*2.23649 -> 79.819884 | AK68: =(0.5*1.2*(AJ68*0.44704)^2*$C$3*$C$5+$C$4*9.81*($C$2*COS($C$7*PI()/180)+SIN($C$7*PI()/180)))*$C$6/AI$2 -> 33.992204 | AO68: =PI()/30*$H68*$C$6/AN$2*2.23649 -> 119.72983 | AP68: =(0.5*1.2*(AO68*0.44704)^2*$C$3*$C$5+$C$4*9.81*($C$2*COS($C$7*PI()/180)+SIN($C$7*PI()/180)))*$C$6/AN$2 -> 99.119701 | AT68: =PI()/30*$H68*$C$6/AS$2*2.23649 -> 159.63977 | AU68: =(0.5*1.2*(AT68*0.44704)^2*$C$3*$C$5+$C$4*9.81*($C$2*COS($C$7*PI()/180)+SIN($C$7*PI()/180)))*$C$6/AS$2 -> 222.00487 | AY68: =PI()/30*$H68*$C$6/AX$2*2.23649 -> 199.54971 | AZ68: =(0.5*1.2*(AY68*0.44704)^2*$C$3*$C$5+$C$4*9.81*($C$2*COS($C$7*PI()/180)+SIN($C$7*PI()/180)))*$C$6/AX$2 -> 421.90027

Sheet Gear Ratio and forces
A1: Cr | B1: 0.016 | D1: Drag (N) | E1: =0.5*1.2*(B7*0.44704)^2*B2*B4 -> 1128.9461 | G1: Gear | H1: Min. G
A2: Cd | B2: 0.321 | D2: RR (N) | E2: =B3*9.81*B1*COS(B8*PI()/180) -> 170.92944 | G2: 1 | H2: 9 | I2: Can do 28° slope
A3: Mass (kg) | B3: 1089 | D3: Weight (N) | E3: =B3*9.81*SIN(B8*PI()/180) -> 0 | G3: 2 | H3: 6
A4: Area (m2) | B4: 2.15 | D4: Total F (N) | E4: =SUM(E1:E3) -> 1299.8755 | G4: 3 | H4: 4
A5: Wheel Radius (m) | B5: =0.3075*0.95 -> 0.292125 | D5: Power (kW) | E5: =E4*B7*0.00044704 -> 67.872054 | G5: 4 | H5: 3
G6: 5 | H6: 2.4 | I6: Max. power (4150 rpm, 162 Nm)
A7: Velocity (mph) | B7: 116.8 | D7: Output Torque (Nm) | E7: =E4*B5 -> 379.72613
A8: Gradient (°) | B8: 0 | D8: Output RPM | E8: =B7*0.44704/B5*30/PI() -> 1706.8364
A10: Input Torque (Nm) | B10: 158.41 | D10: G | E10: =E7/B10 -> 2.3971096
A11: Input RPM | B11: 3500 | E11: =1/(E8/B11) -> 2.0505774
A16: Max speed
A17: Velocity (kmph) | B17: =1.609344*B7 -> 187.97138
A18: Velocity(m/s) | B18: =(B17*1000)/3600 -> 52.214272
A19: Wheel rpm | B19: =(60*B18)/(2*B5*PI()) -> 1706.8364
I21: Force calculations for each gear speed is in it's respective excel sheet

Sheet Prelim Gear Calcs. & Bearings
A1: 1. Gear Pair Specification
A2: G, TD, reliability and material (stress hlim and stress fe)
A4: Tnominal | B4: ='Gear Ratio and forces'!B10 -> 158.41 | J4: Gear Speed 1 | M4: Gear Speed 2 | P4: Gear Speed 3 | S4: Gear Speed 4 | V4: Gear Speed 5 | Y4: FDR
A5: Input Speed | B5: ='Gear Ratio and forces'!B11 -> 3500 | J5: First Stage | M5: First Stage | P5: First Stage | S5: First Stage | V5: First Stage | Y5: First Stage
A7: Application Factor Ka (for moderate shock multicylinder engines) | B7: 1.5 | J7: Application Factor Ka (for moderate shock multicylinder engines) | K7: 1.5 | M7: Application Factor Ka (for moderate shock multicylinder engines) | N7: 1.5 | P7: Application Factor Ka (for moderate shock multicylinder engines) | Q7: 1.5 | S7: Application Factor Ka (for moderate shock multicylinder engines) | T7: 1.5 | V7: Application Factor Ka (for moderate shock multicylinder engines) | W7: 1.5 | Y7: Application Factor Ka (for moderate shock multicylinder engines) | Z7: 1.5
A9: Lifetime | B9: 10000 | C9: picked based on avg mileage | D9: w 1.25 safety factor | J9: Tnominal | K9: ='Performance Map'!AF68 -> 13.154034 | M9: Tnominal | N9: 30.46 | P9: Tnominal | Q9: 84.19 | S9: Tnominal | T9: 125 | V9: Tnominal | W9: 158.41 | Y9: Tnominal | Z9: =W9*W53 -> 89.359487
D10: Chosen total contact ratio | E10: helix Angle | F10: AN | J10: Input Speed | K10: 3500 | M10: Input Speed | N10: 3500 | P10: Input Speed | Q10: 3500 | S10: Input Speed | T10: 3500 | V10: Input Speed | W10: 3500 | Y10: Input Speed | Z10: =W10/W53 -> 6204.5455
J11: pINION Peripheral speed m/s | K11: =PI()*K10*K42/(1000*60) -> 6.3482978 | M11: pINION Peripheral speed m/s | N11: =PI()*N10*N42/(1000*60) -> 9.2050318 | P11: pINION Peripheral speed m/s | Q11: =PI()*Q10*Q42/(1000*60) -> 12.590791 | S11: pINION Peripheral speed m/s | T11: =PI()*T10*T42/(1000*60) -> 14.812695 | V11: pINION Peripheral speed m/s | W11: =PI()*W10*W42/(1000*60) -> 24.758361 | Y11: pINION Peripheral speed m/s | Z11: =PI()*Z10*Z42/(1000*60) -> 22.507601
A12: NL (number of tooth load cycles | B12: =B9*B5*60 -> 2100000000 | D12: 1.5 | E12: =RADIANS(30) -> 0.52359878 | F12: =RADIANS(20) -> 0.34906585 | J12: Wheel Peripehral speed | K12: =PI()*K10*K43/(1000*60) -> 13.490133 | M12: Wheel Peripehral speed | N12: =PI()*N10*N43/(1000*60) -> 13.01401 | P12: Wheel Peripehral speed | Q12: =PI()*Q10*Q43/(1000*60) -> 11.850156 | S12: Wheel Peripehral speed | T12: =PI()*T10*T43/(1000*60) -> 10.580496 | V12: Wheel Peripehral speed | W12: =PI()*W10*W43/(1000*60) -> 13.966255 | Y12: Wheel Peripehral speed | Z12: =PI()*Z10*Z43/(1000*60) -> 95.657305
J13: Lifetime | K13: 10000 | M13: Lifetime | N13: 10000 | P13: Lifetime | Q13: 10000 | S13: Lifetime | T13: 10000 | V13: Lifetime | W13: 10000 | Y13: Lifetime | Z13: 10000
A14: Yn | B14: 1
A15: Zn | B15: 1 | J15: NL (number of tooth load cycles | K15: =K13*K10*60 -> 2100000000 | L15: 10^9 power | M15: NL (number of tooth load cycles | N15: =N13*N10*60 -> 2100000000 | P15: NL (number of tooth load cycles | Q15: =Q13*Q10*60 -> 2100000000 | S15: NL (number of tooth load cycles | T15: =T13*T10*60 -> 2100000000 | V15: NL (number of tooth load cycles | W15: =W13*W10*60 -> 2100000000 | Y15: NL (number of tooth load cycles | Z15: =Z13*Z10*60 -> 3.7227273e+09
A16: Yx | B16: 1
A17: Mq | B17: 1 | J17: Yn | K17: 1 | M17: Yn | N17: 1 | P17: Yn | Q17: 1 | S17: Yn | T17: 1 | V17: Yn | W17: 1 | Y17: Yn | Z17: 1
J18: Zn | K18: 1 | M18: Zn | N18: 1 | P18: Zn | Q18: 1 | S18: Zn | T18: 1 | V18: Zn | W18: 1 | Y18: Zn | Z18: 1
J19: Yx | K19: 1 | M19: Yx | N19: 1 | P19: Yx | Q19: 1 | S19: Yx | T19: 1 | V19: Yx | W19: 1 | Y19: Yx | Z19: 1
A20: Material | B20: EN39 | J20: Mq | K20: 1.2 | M20: Mq | N20: 1.2 | P20: Mq | Q20: 1.2 | S20: Mq | T20: 1.2 | V20: Mq | W20: 1.2 | Y20: Mq | Z20: 1.2
J21: Y | K21: 2.9 | M21: Y | N21: 2.9 | P21: Y | Q21: 2.9 | S21: Y | T21: 2.9 | V21: Y | W21: 2.9 | Y21: Y | Z21: 2.9
A22: Material Stresses and safety facctors | D22: Permissible stresses | E22: Bending Fatige limit* Strength life factor* Size factor * material quality factor | J22: TD | K22: =K7*K9 -> 19.73105 | M22: TD | N22: =N7*N9 -> 45.69 | P22: TD | Q22: =Q7*Q9 -> 126.285 | S22: TD | T22: =T7*T9 -> 187.5 | V22: TD | W22: =W7*W9 -> 237.615 | Y22: TD | Z22: =Z7*Z9 -> 134.03923
J23: Gear Quality | K23: 6 | M23: Gear Quality | N23: 6 | P23: Gear Quality | Q23: 6 | S23: Gear Quality | T23: 6 | V23: Gear Quality | W23: 6 | Y23: Gear Quality | Z23: 6
A24: Hlim | B24: 1500 | D24: Bending FP | E24: =B25*B14*B16*B17 -> 920 | J24: Kv | K24: 1.25 | M24: Kv | N24: 1.2 | P24: Kv | Q24: 1.32 | S24: Kv | T24: 1.32 | V24: Kv | W24: 1.32 | Y24: Kv | Z24: 1.45
A25: Fe | B25: 920 | D25: Surface stress HP | E25: =B24*B15*SQRT(B17) -> 1500 | J25: Kv- helical | K25: =1+0.6*(K24-1) -> 1.15 | M25: Kv- helical | N25: =1+0.6*(N24-1) -> 1.12 | P25: Kv- helical | Q25: =1+0.6*(Q24-1) -> 1.192 | S25: Kv- helical | T25: =1+0.6*(T24-1) -> 1.192 | V25: Kv- helical | W25: =1+0.6*(W24-1) -> 1.192 | Y25: Kv- helical | Z25: =1+0.6*(Z24-1) -> 1.27
A26: Sh | B26: 1.275 | J26: Khb | K26: =2.5 -> 2.5 | M26: Khb | N26: =2.5 -> 2.5 | P26: Khb | Q26: 1.7 | S26: Khb | T26: 1.6 | V26: Khb | W26: 1.75 | Y26: Khb | Z26: 1.75
A27: Sf | B27: 1.94 | D27: Gear Shifts | E27: Total Gear Ratio | F27: G1 | G27: G2 | J27: khb(crowned) | K27: {=IF(K26>1.6,(K26-1)*0.5+1,N/A)} -> 1.75 | M27: khb(crowned) | N27: {=IF(N26>1.6,(N26-1)*0.5+1,N/A)} -> 1.75 | P27: khb(crowned) | Q27: {=IF(Q26>1.6,(Q26-1)*0.5+1,N/A)} -> 1.35 | S27: khb(crowned) | T27: {=IF(T26>=1.6,(T26-1)*0.5+1,N/A)} -> 1.3 | V27: khb(crowned) | W27: {=IF(W26>1.6,(W26-1)*0.5+1,N/A)} -> 1.375 | Y27: khb(crowned) | Z27: {=IF(Z26>1.6,(Z26-1)*0.5+1,N/A)} -> 1.375
A28: Youngs Modulus | D28: 1 | E28: ='Gear Ratio and forces'!H2/4.25 -> 2.1176471 | F28: =SQRT(E28) -> 1.4552138 | G28: {=SQRT(E28:E30)} -> 1.4552138 | J28: KFB | K28: =IF(ISNUMBER(K27),0.9*K27,0.9*K26) -> 1.575 | M28: KFB | N28: =IF(ISNUMBER(N27),0.9*N27,0.9*N26) -> 1.575 | P28: KFB | Q28: =IF(ISNUMBER(Q27),0.9*Q27,0.9*Q26) -> 1.215 | S28: KFB | T28: =IF(ISNUMBER(T27),0.9*T27,0.9*T26) -> 1.17 | V28: KFB | W28: =IF(ISNUMBER(W27),0.9*W27,0.9*W26) -> 1.2375 | Y28: KFB | Z28: =IF(ISNUMBER(Z27),0.9*Z27,0.9*Z26) -> 1.2375
D29: 2 | E29: ='Gear Ratio and forces'!H3/4.25 -> 1.4117647 | F29: =SQRT(E29) -> 1.1881771 | G29: 1.1881771 | J29: c | K29: 0.3 | M29: c | N29: 0.3 | P29: c | Q29: 0.3 | S29: c | T29: 0.3 | V29: c | W29: 0.3 | Y29: c | Z29: 0.3
A30: Hardness | D30: 3 | E30: ='Gear Ratio and forces'!H4/4.25 -> 0.94117647 | F30: =SQRT(E30) -> 0.9701425 | G30: 0.9701425 | J30: Gear ratio | K30: 2.116 | M30: Gear ratio | N30: 1.41 | P30: Gear ratio | Q30: 0.941 | S30: Gear ratio | T30: =$E$31 -> 0.70588235 | V30: Gear ratio | W30: =E32 -> 0.56470588 | Y30: Gear ratio | Z30: =E37 -> 4.25
A31: Surface | B31: 270 | D31: 4 | E31: ='Gear Ratio and forces'!H5/4.25 -> 0.70588235 | J31: Kha | K31: 1.2 | M31: Kha | N31: 1.2 | P31: Kha | Q31: 1.2 | S31: Kha | T31: 1.2 | V31: Kha | W31: 1.2 | Y31: Kha | Z31: 1.2
A32: Core | B32: 650 | D32: 5 | E32: ='Gear Ratio and forces'!H6/4.25 -> 0.56470588 | J32: d1, min | K32: =700*((K22/K29)*(($B$26/$E$25)^2)*((K30+1)/K30)*(K25*IF(ISNUMBER(K27),K27,24)))^(1/3) -> 36.418848 | M32: d1 | N32: =700*((N22/N29)*(($B$26/$E$25)^2)*((N30+1)/N30)*(N25*IF(ISNUMBER(N27),N27,24)))^(1/3) -> 50.191321 | P32: d1 | Q32: =700*((Q22/Q29)*(($B$26/$E$25)^2)*((Q30+1)/Q30)*(Q25*IF(ISNUMBER(Q27),Q27,24)))^(1/3) -> 70.221398 | S32: d1 | T32: =700*((T22/T29)*(($B$26/$E$25)^2)*((T30+1)/T30)*(T25*IF(ISNUMBER(T27),T27,24)))^(1/3) -> 83.396812 | V32: d1 | W32: =700*((W22/W29)*(($B$26/$E$25)^2)*((W30+1)/W30)*(W25*IF(ISNUMBER(W27),W27,24)))^(1/3) -> 96.240523 | Y32: d1 | Z32: =700*((Z22/Z29)*(($B$26/$E$25)^2)*((Z30+1)/Z30)*(Z25*IF(ISNUMBER(Z27),Z27,24)))^(1/3) -> 62.044956
J33: d2, min | K33: =K30*K32 -> 77.062281 | M33: d2 | N33: =N30*N32 -> 70.769762 | P33: d2 | Q33: =Q30*Q32 -> 66.078336 | S33: d2 | T33: =T30*T32 -> 58.868338 | V33: d2 | W33: =W30*W32 -> 54.34759 | Y33: d2 | Z33: =Z30*Z32 -> 263.69106
J34: Module, min (mm) | K34: =2*K22*(10^3)*K21*$B$27*K25*K28/(K29*$E$24*K32^2) -> 1.0984919 | M34: Module, min (mm) | N34: =2*N22*(10^3)*N21*$B$27*N25*N28/(N29*$E$24*N32^2) -> 1.3043169 | P34: Module, min (mm) | Q34: =2*Q22*(10^3)*Q21*$B$27*Q25*Q28/(Q29*$E$24*Q32^2) -> 1.5121191 | S34: Module, min (mm) | T34: =2*T22*(10^3)*T21*$B$27*T25*T28/(T29*$E$24*T32^2) -> 1.5327987 | V34: Module, min (mm) | W34: =2*W22*(10^3)*W21*$B$27*W25*W28/(W29*$E$24*W32^2) -> 1.5427658 | Y34: Module, min (mm) | Z34: =2*Z22*(10^3)*Z21*$B$27*Z25*Z28/(Z29*$E$24*Z32^2) -> 2.2309433
J36: Z1 | K36: =(K32/K34)*COS(($E$12)) -> 28.711771 | M36: Z1 | N36: =(N32/N34)*COS(($E$12)) -> 33.325458 | P36: Z1 | Q36: =(Q32/Q34)*COS(($E$12)) -> 40.217411 | S36: Z1 | T36: =(T32/T34)*COS(($E$12)) -> 47.118879 | V36: Z1 | W36: =(W32/W34)*COS(($E$12)) -> 54.024232 | Y36: Z1 | Z36: =(Z32/Z34)*COS(($E$12)) -> 24.085106
A37: Failure probability | B37: 0.001 | D37: FDR | E37: 4.25 | J37: Z2 | K37: =K30*K36 -> 60.754108 | M37: Z2 | N37: =N30*N36 -> 46.988896 | P37: Z2 | Q37: =Q30*Q36 -> 37.844584 | S37: Z2 | T37: =T30*T36 -> 33.260385 | V37: Z2 | W37: =W30*W36 -> 30.507802 | Y37: Z2 | Z37: =Z30*Z36 -> 102.3617
A39: b/d (standard for automotiver applications) | B39: 0.3 | D39: Do final drie gear pair | J39: Chosen Z1 | K39: 24 | M39: Chosen Z1 | N39: 29 | P39: Chosen Z1 | Q39: 34 | S39: Chosen Z1 | T39: 35 | V39: Chosen Z1 | W39: 39 | Y39: Chosen Z1 | Z39: 20
D40: Also account nfor final drive ratio -take from ford car design | J40: Chosen Z2 | K40: 51 | M40: Chosen Z2 | N40: =ROUND(N39*N30,0) -> 41 | P40: Chosen Z2 | Q40: =ROUND(Q39*Q30,0) -> 32 | S40: Chosen Z2 | T40: =ROUND(T39*T30,0) -> 25 | V40: Chosen Z2 | W40: 22 | Y40: Chosen Z2 | Z40: =ROUND(Z39*Z30,0) -> 85
J41: Chosen Module | K41: 1.25 | M41: Chosen Module | N41: 1.5 | P41: Chosen Module | Q41: 1.75 | S41: Chosen Module | T41: 2 | V41: Chosen Module | W41: 3 | Y41: Chosen Module | Z41: 3
D42: Make 4th gear 1:1 | J42: Chosen D1 | K42: =K39*K41/(COS($E$12)) -> 34.641016 | M42: Chosen D1 | N42: =N39*N41/(COS($E$12)) -> 50.229473 | P42: Chosen D1 | Q42: =Q39*Q41/(COS($E$12)) -> 68.704682 | S42: Chosen D1 | T42: =T39*T41/(COS($E$12)) -> 80.829038 | V42: Chosen D1 | W42: =W39*W41/(COS($E$12)) -> 135.09996 | Y42: Chosen D1 | Z42: =Z39*Z41/(COS($E$12)) -> 69.282032
J43: Chosen D2 | K43: =K40*K41/(COS($E$12)) -> 73.612159 | M43: Chosen D2 | N43: =N40*N41/(COS(($E$12))) -> 71.014083 | P43: Chosen D2 | Q43: =Q40*Q41/(COS($E$12)) -> 64.66323 | S43: Chosen D2 | T43: =T40*T41/(COS($E$12)) -> 57.735027 | V43: Chosen D2 | W43: =W40*W41/(COS($E$12)) -> 76.210236 | Y43: Chosen D2 | Z43: =Z40*Z41/(COS($E$12)) -> 294.44864
J44: b | K44: =MAX(K42*K29,K43*K29) -> 22.083648 | L44: =ROUND(K44,1) -> 22.1 | M44: b | N44: =MAX(N42*N29,N43*N29) -> 21.304225 | P44: b | Q44: =MAX(Q42*Q29,Q43*Q29) -> 20.611405 | S44: b | T44: =MAX(T42*T29,T43*T29) -> 24.248711 | V44: b | W44: =MAX(W42*W29,W43*W29) -> 40.529989 | Y44: b | Z44: =MAX(Z42*Z29,Z43*Z29) -> 88.334591
J45: Zh | K45: 2.5 | M45: Zh | N45: 2.5 | P45: Zh | Q45: 2.5 | S45: Zh | T45: 2.5 | V45: Zh | W45: 2.5 | Y45: Zh | Z45: 2.5
J46: ZE | K46: 190 | L46: Aim for between | M46: ZE | N46: 190 | P46: ZE | Q46: 190 | S46: ZE | T46: 190 | V46: ZE | W46: 190 | Y46: ZE | Z46: 190
J47: Ze | K47: 0.83 | M47: Ze | N47: 0.83 | P47: Ze | Q47: 0.83 | S47: Ze | T47: 0.83 | V47: Ze | W47: 0.83 | Y47: Ze | Z47: 0.83
J48: Zb | K48: 0.96 | M48: Zb | N48: 0.96 | P48: Zb | Q48: 0.96 | S48: Zb | T48: 0.96 | V48: Zb | W48: 0.96 | Y48: Zb | Z48: 0.96
J53: Actual Gear ratio | K53: =K40/K39 -> 2.125 | M53: Actual Gear ratio | N53: =N40/N39 -> 1.4137931 | P53: Actual Gear ratio | Q53: =Q40/Q39 -> 0.94117647 | S53: Actual Gear ratio | T53: =T40/T39 -> 0.71428571 | V53: Actual Gear ratio | W53: =W40/W39 -> 0.56410256 | Y53: Actual Gear ratio | Z53: =Z40/Z39 -> 4.25
J54: Actual SF | K54: =K41*K29*(K42^2)*$E$24/(2*K22*1000*K21*K25*K28) -> 1.997302 | M54: Actual SF | N54: =N41*N29*(N42^2)*$E$24/(2*N22*1000*N21*N25*N28) -> 2.234446 | P54: Actual SF | Q54: =Q41*Q29*(MIN(Q42,Q43)^2)*$E$24/(2*Q22*1000*Q21*Q25*Q28) -> 1.9038364 | S54: Actual SF | T54: =T41*T29*(MIN(T42,T43)^2)*$E$24/(2*T22*1000*T21*T25*T28) -> 1.2131833 | V54: Actual SF | W54: =W41*W29*(MIN(W42,W43)^2)*$E$24/(2*W22*1000*W21*W25*W28) -> 2.3655582 | Y54: Actual SF | Z54: =Z41*Z29*(Z42^2)*$E$24/(2*Z22*1000*Z21*Z25*Z28) -> 3.2528402
J55: Actual SH Safety factor | K55: =(((K42^3)*(K53/(K53+1))/((K25*IF(ISNUMBER(K27),K27,K26)*K31)*2*K22*1000))^0.5)*($E$25/(K45*K46*K47*K48)) -> 2.1584403 | M55: Actual SH Safety factor | N55: =(((N42^3)*(N53/(N53+1))/((N25*IF(ISNUMBER(N27),N27,N26)*N31)*2*N22*1000))^0.5)*($E$25/(N45*N46*N47*N48)) -> 2.3290828 | P55: Actual SH Safety factor | Q55: =(((MIN(Q43,Q42)^3)*(Q53/(Q53+1))/((Q25*IF(ISNUMBER(Q27),Q27,Q26)*Q31)*2*Q22*1000))^0.5)*($E$25/(Q45*Q46*Q47*Q48)) -> 2.0547118 | S55: Actual SH Safety factor | T55: =(((MIN(T43,T42)^3)*(T53/(T53+1))/((T25*IF(ISNUMBER(T27),T27,T26)*T31)*2*T22*1000))^0.5)*($E$25/(T45*T46*T47*T48)) -> 1.343958 | V55: Actual SH Safety factor | W55: =(((MIN(W43,W42)^3)*(W53/(W53+1))/((W25*IF(ISNUMBER(W27),W27,W26)*W31)*2*W22*1000))^0.5)*($E$25/(W45*W46*W47*W48)) -> 1.6378823 | Y55: Actual SH Safety factor | Z55: =(((Z42^3)*(Z53/(Z53+1))/((Z25*IF(ISNUMBER(Z27),Z27,Z26)*Z31)*2*Z22*1000))^0.5)*($E$25/(Z45*Z46*Z47*Z48)) -> 2.7435904
J56: Safety factor too high- can lower Gear Quality | M56: Safety factor too high- can lower Gear Quality | P56: Safety factor too high- can lower Gear Quality | S56: Safety factor too high- can lower Gear Quality | V56: Safety factor too high- can lower Gear Quality | Y56: Safety factor too high- can lower Gear Quality
J57: Total transmission ratio | K57: =K53*$E$37 -> 9.03125 | M57: Total transmission ratio | N57: =N53*$E$37 -> 6.0086207 | P57: Total transmission ratio | Q57: =Q53*$E$37 -> 4 | S57: Total transmission ratio | T57: =T53*$E$37 -> 3.0357143 | V57: Total transmission ratio | W57: =W53*$E$37 -> 2.3974359 | Y57: Total transmission ratio | Z57: =Z53*$E$32 -> 2.4
J59: Zv1 | K59: =K39*(1/COS($E$12))^3 -> 36.950417 | M59: Zv1 | N59: =N39*(1/COS($E$12))^3 -> 44.648421 | P59: Zv1 | Q59: =Q39*(1/COS($E$12))^3 -> 52.346424 | S59: Zv1 | T59: =T39*(1/COS($E$12))^3 -> 53.886025 | V59: Zv1 | W59: =W39*(1/COS($E$12))^3 -> 60.044428 | Y59: Zv1 | Z59: =Z39*(1/COS($E$12))^3 -> 30.792014
J60: Zv2 | K60: =K40*(1/COS($E$12))^3 -> 78.519637 | M60: Zv2 | N60: =N40*(1/COS($E$12))^3 -> 63.123629 | P60: Zv2 | Q60: =Q40*(1/COS($E$12))^3 -> 49.267223 | S60: Zv2 | T60: =T40*(1/COS($E$12))^3 -> 38.490018 | V60: Zv2 | W60: =W40*(1/COS($E$12))^3 -> 33.871216 | Y60: Zv2 | Z60: =Z40*(1/COS($E$12))^3 -> 130.86606
J61: Zv sum | K61: =K60+K59 -> 115.47005 | M61: Zv sum | N61: =N60+N59 -> 107.77205 | P61: Zv sum | Q61: =Q60+Q59 -> 101.61365 | S61: Zv sum | T61: =T60+T59 -> 92.376043 | V61: Zv sum | W61: =W60+W59 -> 93.915644 | Y61: Zv sum | Z61: =Z60+Z59 -> 161.65808
J62: Half Zv | K62: =0.5*K61 -> 57.735027 | M62: Half Zv | N62: =0.5*N61 -> 53.886025 | P62: Half Zv | Q62: =0.5*Q61 -> 50.806824 | S62: Half Zv | T62: =0.5*T61 -> 46.188022 | V62: Half Zv | W62: =0.5*W61 -> 46.957822 | Y62: Half Zv | Z62: =0.5*Z61 -> 80.829038
J63: x1 | K63: 0.3 | M63: x1 | N63: 0.3 | P63: x1 | Q63: 0.3 | S63: x1 | T63: 0.3 | V63: x1 | W63: 0.3 | Y63: x1 | Z63: 0.3
J64: x2 | K64: 0 | M64: x2 | N64: 0.3 | P64: x2 | Q64: 0.3 | S64: x2 | T64: 0.3 | V64: x2 | W64: 0.3 | Y64: x2 | Z64: 0.3
G67: Forces on Gears
I71: Gear Speed/stage | J71: 1 | K71: 2 | L71: 3 | M71: 4 | N71: 5 | O71: FDR | P71: Reverse | Q71: Sum Shaft 1 | R71: Sum Shaft 2
I72: Td | J72: =K22 -> 19.73105 | K72: =N22 -> 45.69 | L72: =Q22 -> 126.285 | M72: =T22 -> 187.5 | N72: =W22 -> 237.615 | O72: =Z22 -> 134.03923 | Q72: =SUM(J72:N72) -> 616.82105 | R72: =SUM(J72:N72,P72,O72) -> 750.86028
I73: Dref(min) | J73: =K42 -> 34.641016 | K73: =N42 -> 50.229473 | L73: =Q42 -> 68.704682 | M73: =T42 -> 80.829038 | N73: =W42 -> 135.09996 | O73: =Z42 -> 69.282032 | Q73: =SUM(J73:N73) -> 369.50417 | R73: =SUM(J73:N73,P73,O73) -> 438.7862
I74: Ft x axis | J74: =J72*2/J73 -> 1.1391727 | K74: =K72*2/K73 -> 1.8192506 | L74: =L72*2/L73 -> 3.6761687 | M74: =M72*2/M73 -> 4.6394218 | N74: =N72*2/N73 -> 3.5176175 | O74: =O72*2/O73 -> 3.8693793 | Q74: =SUM(J74:N74) -> 14.791631 | R74: =-SUM(J74:N74,P74) + SUM(O74) -> -10.922252
I75: Fn | J75: =J74/(COS($E$12)*COS($F$12)) -> 1.399823 | K75: =K74/(COS($E$12)*COS($F$12)) -> 2.2355072 | L75: =L74/(COS($E$12)*COS($F$12)) -> 4.5173005 | M75: =M74/(COS($E$12)*COS($F$12)) -> 5.7009524 | N75: =N74/(COS($E$12)*COS($F$12)) -> 4.3224718 | O75: =O74/(COS($E$12)*COS($F$12)) -> 4.754719 | Q75: =SUM(J75:N75) -> 18.176055 | R75: =-SUM(J75:N75,P75) + SUM(O75) -> -13.421336
I76: Fr y aixs | J76: =J75*SIN($F$12) -> 0.47876767 | K76: =K75*SIN($F$12) -> 0.76458851 | L76: =L75*SIN($F$12) -> 1.5450078 | M76: =M75*SIN($F$12) -> 1.9498405 | N76: =N75*SIN($F$12) -> 1.4783724 | O76: =O75*SIN($F$12) -> 1.6262097 | Q76: =SUM(J76:N76) -> 6.2165769 | R76: =-SUM(J76:N76,P76) + SUM(O76) -> -4.5903672
I77: Fx z axis | J77: =J74*TAN($E$12) -> 0.65770168 | K77: =K74*TAN($E$12) -> 1.0503448 | L77: =L74*TAN($E$12) -> 2.122437 | M77: =M74*TAN($E$12) -> 2.6785714 | N77: =N74*TAN($E$12) -> 2.0308974 | O77: =O74*TAN($E$12) -> 2.2339872 | P77: 0 | Q77: =SUM(J77:N77) -> 8.5399523 | R77: =-SUM(J77:N77,P77) + SUM(O77) -> -6.3059652
G84: Bearing cALCULATIONS
I89: Design based on largest forces
P91: At each point, radial tangential and axial forces exist
T95: RH axes
R96: Shaft 1 Input shaft | T96: Ft is x direction
P97: At bearing location moments about x and y exis | T97: Fr is y | U97: Fx is z
I103: Shaft speed ω (rpm) | J103: 3500
I104: Shaft diameter d (mm) | J104: 20
I106: Bearing 1 | J106: TYPE: RS PRO | K106: DGBB 6804-2RS | M106: n= | N106: 3
J107: Fa (kN) | K107: Fr (kN) | L107: Fa/Fr | M107: C (kN) | N107: C0 (kN) | O107: Fa/C0 | P107: e | Q107: X | R107: Y | S107: P (kN) | T107: L10 (million revs) | U107: L10h (hrs)
J108: ='[1]Bevel and Load Calculations'!U136/1000 -> 0 | K108: ='[1]Bevel and Load Calculations'!T136/1000 -> 0 | L108: =J108/K108 -> #DIV/0! | M108: 3.6 | N108: 2.223 | O108: =J108/N108 -> 0 | P108: 0.29 | Q108: 0.56 | R108: 1.49 | S108: =(Q108*K108)+(R108*J108) -> 0 | T108: =(M108/S108)^N106 -> #DIV/0! | U108: =T108*(10^6)/(60*$C$15) -> #DIV/0!
I110: Bearing 2 | J110: TYPE: RS PRO | K110: DGBB 6804-2RS | M110: n= | N110: 3
I111: (floating) | J111: ='[1]Bevel and Load Calculations'!U137/1000 -> 0 | K111: ='[1]Bevel and Load Calculations'!T137/1000 -> 0 | L111: - | M111: 3.6 | N111: 2.223 | O111: - | P111: - | Q111: - | R111: - | S111: =K111 -> 0 | T111: =(M111/S111)^N110 -> #DIV/0! | U111: =T111*(10^6)/(60*$C$15) -> #DIV/0! | W111: a1 | X111: ν (mm2/s) | Y111: dm (mm) | Z111: ν1 (mm2/s) | AA111: κ | AB111: ηc | AC111: Pu (kN) | AD111: ηcPu/P | AE111: amod | AF111: L10hmod (hrs)
W112: 1 | X112: 128 | Y112: =(I114+J114)/2 -> 26 | Z112: 109 | AA112: =X112/Z112 -> 1.1743119 | AB112: 0.3 | AC112: 0.104 | AD112: =AB112*AC112/S108 -> #DIV/0! | AE112: 1.2 | AF112: =W112*AE112*U108 -> #DIV/0!
I113: ID (mm) | J113: OD (mm) | K113: B (mm) | L113: m (kg) | O113: Total Frictional Moment (Nmm) | R113: Power Loss (W)
I114: 20 | J114: 32 | K114: 7 | L114: 0.019 | N114: 1 | O114: 42.2 | R114: =1.05*10^(-4)*O114*$C$15 -> 0
N115: 2 | O115: 40.5 | R115: =1.05*10^(-4)*O115*$C$15 -> 0 | W115: 1 | X115: 128 | Y115: =(I114+J114)/2 -> 26 | Z115: 109 | AA115: =X115/Z115 -> 1.1743119 | AB115: 0.3 | AC115: 0.104 | AD115: =AB115*AC115/S111 -> #DIV/0! | AE115: 1.2 | AF115: =W115*AE115*U111 -> #DIV/0!
I116: Bearing 1 RS part no.: | K116: 619-0323 | L116: 3.88
I117: Bearing 2 RS part no.: | K117: 619-0323 | L117: 3.88

Sheet Graphs for prelim
B3: Step 1 Gear Material, ka factor and safety factors
B51: Step 2 Calculate Yn, Zn Mq and NL based on lifetime (avg mileage before gearbox breaks *1.25 for safety - will have to refine later after calculating l10 of bearings etc)
M115: Speed decreasing so pinion speed is lower
M139: For Gear speed 1
F200: Kfb=0.9khb

Sheet Gear Speed 1
A1: 1. Gear Pair Specification
A2: G, TD, reliability and material (stress hlim and stress fe)
A4: Tnominal | B4: ='Gear Ratio and forces'!B10 -> 158.41 | J4: Gear Speed 1 | M4: Stress Calcs Kn and Mpa
A5: Input Speed | B5: ='Gear Ratio and forces'!B11 -> 3500 | J5: First Stage
M6: Ft1 | N6: =2*K22/K42 -> 1.1391727
A7: Application Factor Ka (for moderate shock multicylinder engines) | B7: 1.5 | J7: Application Factor Ka (for moderate shock multicylinder engines) | K7: 1.5
A9: Lifetime | B9: 10000 | C9: picked based on avg mileage | D9: w 1.25 safety factor | J9: Tnominal | K9: ='Performance Map'!AF68 -> 13.154034 | M9: Fr1 | N9: =N6*TAN($F$12) -> 2.5485127
D10: Chosen total contact ratio | E10: helix Angle | F10: alphan | J10: Input Speed | K10: 3500
J11: pINION Peripheral speed m/s | K11: =PI()*K10*K42/(1000*60) -> 6.3482978
A12: NL (number of tooth load cycles | B12: =B9*B5*60 -> 2100000000 | D12: 1.5 | E12: =RADIANS(30) -> 0.52359878 | F12: 20 | J12: Wheel Peripehral speed | K12: =PI()*K10*K43/(1000*60) -> 13.490133 | M12: Fn1 | N12: =N6/(COS($F$12)*COS(E12)) -> 3.2233795
J13: Lifetime | K13: 10000
A14: Yn | B14: 1
A15: Zn | B15: 1 | J15: NL (number of tooth load cycles | K15: =K13*K10*60 -> 2100000000 | M15: Fx1 | N15: =N6*TAN($E$12) -> 0.65770168
A16: Yx | B16: 1
A17: Mq | B17: 1 | J17: Yn | K17: 1
J18: Zn | K18: 1
J19: Yx | K19: 1 | M19: Forces on wheel are equal and opposite
A20: Material | B20: EN39 | J20: Mq | K20: 1.2
J21: Y | K21: 2.9
A22: Material Stresses and safety facctors | D22: Permissible stresses | E22: Bending Fatige limit* Strength life factor* Size factor * material quality factor | J22: TD | K22: =K7*K9 -> 19.73105
J23: Gear Quality | K23: 6
A24: Hlim | B24: 1500 | D24: Bending FP | E24: =B25*B14*B16*B17 -> 920 | J24: Kv | K24: 1.25
A25: Fe | B25: 920 | D25: Surface stress HP | E25: =B24*B15*SQRT(B17) -> 1500 | J25: Kv- helical | K25: =1+0.6*(K24-1) -> 1.15
A26: Sh | B26: 1.275 | J26: Khb | K26: =2.5 -> 2.5
A27: Sf | B27: 1.94 | D27: Gear Shifts | E27: Total Gear Ratio | F27: G1 | G27: G2 | J27: khb(crowned) | K27: {=IF(K26>1.6,(K26-1)*0.5+1,N/A)} -> 1.75
A28: Youngs Modulus | D28: 1 | E28: ='Gear Ratio and forces'!H2/4.25 -> 2.1176471 | F28: =SQRT(E28) -> 1.4552138 | G28: {=SQRT(E28:E30)} -> 1.4552138 | J28: KFB | K28: =IF(ISNUMBER(K27),0.9*K27,0.9*K26) -> 1.575
D29: 2 | E29: ='Gear Ratio and forces'!H3/4.25 -> 1.4117647 | F29: =SQRT(E29) -> 1.1881771 | G29: 1.1881771 | J29: c | K29: 0.3
A30: Hardness | D30: 3 | E30: ='Gear Ratio and forces'!H4/4.25 -> 0.94117647 | F30: =SQRT(E30) -> 0.9701425 | G30: 0.9701425 | J30: Gear ratio | K30: 2.116
A31: Surface | B31: 270 | D31: 4 | E31: ='Gear Ratio and forces'!H5/4.25 -> 0.70588235 | J31: Kha | K31: 1.2
A32: Core | B32: 650 | D32: 5 | E32: ='Gear Ratio and forces'!H6/4.25 -> 0.56470588 | J32: d1, min | K32: =700*((K22/K29)*(($B$26/$E$25)^2)*((K30+1)/K30)*(K25*IF(ISNUMBER(K27),K27,24)))^(1/3) -> 36.418848
J33: d2, min | K33: =K30*K32 -> 77.062281
J34: Module, min (mm) | K34: =2*K22*(10^3)*K21*$B$27*K25*K28/(K29*$E$24*K32^2) -> 1.0984919
J36: Z1 | K36: =(K32/K34)*COS(($E$12)) -> 28.711771
A37: Failure probability | B37: 0.001 | D37: FDR | E37: 4.25 | J37: Z2 | K37: =K30*K36 -> 60.754108
A39: b/d (standard for automotiver applications) | B39: 0.3 | D39: Do final drie gear pair | J39: Chosen Z1 | K39: 24
D40: Also account nfor final drive ratio -take from ford car design | J40: Chosen Z2 | K40: 51
J41: Chosen Module | K41: 1.25
D42: Make 4th gear 1:1 | J42: Chosen D1 | K42: =K39*K41/(COS($E$12)) -> 34.641016
J43: Chosen D2 | K43: =K40*K41/(COS($E$12)) -> 73.612159
J44: b | K44: =MAX(K42*K29,K43*K29) -> 22.083648
J45: Zh | K45: 2.5
J46: ZE | K46: 190
J47: Ze | K47: 0.83
J48: Zb | K48: 0.96
J53: Actual Gear ratio | K53: =K40/K39 -> 2.125
J54: Actual SF | K54: =K41*K29*(K42^2)*$E$24/(2*K22*1000*K21*K25*K28) -> 1.997302
J55: Actual SH Safety factor | K55: =(((K42^3)*(K53/(K53+1))/((K25*IF(ISNUMBER(K27),K27,K26)*K31)*2*K22*1000))^0.5)*($E$25/(K45*K46*K47*K48)) -> 2.1584403
J56: Safety factor too high- can lower Gear Quality
J57: Total transmission ratio | K57: =K53*$E$37 -> 9.03125
J59: Zv1 | K59: =K39*(1/COS($E$12))^3 -> 36.950417
J60: Zv2 | K60: =K40*(1/COS($E$12))^3 -> 78.519637
J61: Zv sum | K61: =K60+K59 -> 115.47005
J62: Half Zv | K62: =0.5*K61 -> 57.735027
J63: x1 | K63: 0.3
J64: x2 | K64: 0

Sheet Gear Speed 2
A1: 1. Gear Pair Specification
A2: G, TD, reliability and material (stress hlim and stress fe)
A4: Tnominal | B4: ='Gear Ratio and forces'!B10 -> 158.41 | K4: Gear Speed 2 | N4: Stress Calcs Kn and Mpa
A5: Input Speed | B5: ='Gear Ratio and forces'!B11 -> 3500 | K5: First Stage
N6: Ft1 | O6: =2*L22/L42 -> 1.8192506
A7: Application Factor Ka (for moderate shock multicylinder engines) | B7: 1.5 | K7: Application Factor Ka (for moderate shock multicylinder engines) | L7: 1.5
A9: Lifetime | B9: 10000 | C9: picked based on avg mileage | D9: w 1.25 safety factor | K9: Tnominal | L9: 30.46 | N9: Fr1 | O9: =O6*TAN($F$12) -> 4.0699564
D10: Chosen total contact ratio | E10: helix Angle | F10: alphan | K10: Input Speed | L10: 3500
K11: pINION Peripheral speed m/s | L11: =PI()*L10*L42/(1000*60) -> 9.2050318
A12: NL (number of tooth load cycles | B12: =B9*B5*60 -> 2100000000 | D12: 1.5 | E12: =RADIANS(30) -> 0.52359878 | F12: 20 | K12: Wheel Peripehral speed | L12: =PI()*L10*L43/(1000*60) -> 13.01401 | N12: Fn1 | O12: =O6/(COS($F$12)*COS(F12)) -> 10.924398
K13: Lifetime | L13: 10000
A14: Yn | B14: 1
A15: Zn | B15: 1 | K15: NL (number of tooth load cycles | L15: =L13*L10*60 -> 2100000000 | N15: Fx1 | O15: =O6*TAN($E$12) -> 1.0503448
A16: Yx | B16: 1
A17: Mq | B17: 1 | K17: Yn | L17: 1
K18: Zn | L18: 1
K19: Yx | L19: 1 | N19: Forces on wheel are equal and opposite
A20: Material | B20: EN39 | K20: Mq | L20: 1.2
K21: Y | L21: 2.9
A22: Material Stresses and safety facctors | D22: Permissible stresses | E22: Bending Fatige limit* Strength life factor* Size factor * material quality factor | K22: TD | L22: =L7*L9 -> 45.69
K23: Gear Quality | L23: 6
A24: Hlim | B24: 1500 | D24: Bending FP | E24: =B25*B14*B16*B17 -> 920 | K24: Kv | L24: 1.2
A25: Fe | B25: 920 | D25: Surface stress HP | E25: =B24*B15*SQRT(B17) -> 1500 | K25: Kv- helical | L25: =1+0.6*(L24-1) -> 1.12
A26: Sh | B26: 1.275 | K26: Khb | L26: =2.5 -> 2.5
A27: Sf | B27: 1.94 | D27: Gear Shifts | E27: Total Gear Ratio | F27: G1 | G27: G2 | K27: khb(crowned) | L27: {=IF(L26>1.6,(L26-1)*0.5+1,N/A)} -> 1.75
A28: Youngs Modulus | D28: 1 | E28: ='Gear Ratio and forces'!H2/4.25 -> 2.1176471 | F28: =SQRT(E28) -> 1.4552138 | G28: {=SQRT(E28:E30)} -> 1.4552138 | K28: KFB | L28: =IF(ISNUMBER(L27),0.9*L27,0.9*L26) -> 1.575
D29: 2 | E29: ='Gear Ratio and forces'!H3/4.25 -> 1.4117647 | F29: =SQRT(E29) -> 1.1881771 | G29: 1.1881771 | K29: c | L29: 0.3
A30: Hardness | D30: 3 | E30: ='Gear Ratio and forces'!H4/4.25 -> 0.94117647 | F30: =SQRT(E30) -> 0.9701425 | G30: 0.9701425 | K30: Gear ratio | L30: 1.41
A31: Surface | B31: 270 | D31: 4 | E31: ='Gear Ratio and forces'!H5/4.25 -> 0.70588235 | K31: Kha | L31: 1.2
A32: Core | B32: 650 | D32: 5 | E32: ='Gear Ratio and forces'!H6/4.25 -> 0.56470588 | K32: d1 | L32: =700*((L22/L29)*(($B$26/$E$25)^2)*((L30+1)/L30)*(L25*IF(ISNUMBER(L27),L27,24)))^(1/3) -> 50.191321
K33: d2 | L33: =L30*L32 -> 70.769762
K34: Module, min (mm) | L34: =2*L22*(10^3)*L21*$B$27*L25*L28/(L29*$E$24*L32^2) -> 1.3043169
K36: Z1 | L36: =(L32/L34)*COS(($E$12)) -> 33.325458
A37: Failure probability | B37: 0.001 | D37: FDR | E37: 4.25 | K37: Z2 | L37: =L30*L36 -> 46.988896
A39: b/d (standard for automotiver applications) | B39: 0.3 | D39: Do final drie gear pair | K39: Chosen Z1 | L39: 29
D40: Also account nfor final drive ratio -take from ford car design | K40: Chosen Z2 | L40: =ROUND(L39*L30,0) -> 41
K41: Chosen Module | L41: 1.5
D42: Make 4th gear 1:1 | K42: Chosen D1 | L42: =L39*L41/(COS($E$12)) -> 50.229473
K43: Chosen D2 | L43: =L40*L41/(COS(($E$12))) -> 71.014083
K44: b | L44: =MAX(L42*L29,L43*L29) -> 21.304225
K45: Zh | L45: 2.5
K46: ZE | L46: 190
K47: Ze | L47: 0.83
K48: Zb | L48: 0.96
K53: Actual Gear ratio | L53: =L40/L39 -> 1.4137931
K54: Actual SF | L54: =L41*L29*(L42^2)*$E$24/(2*L22*1000*L21*L25*L28) -> 2.234446
K55: Actual SH Safety factor | L55: =(((L42^3)*(L53/(L53+1))/((L25*IF(ISNUMBER(L27),L27,L26)*L31)*2*L22*1000))^0.5)*($E$25/(L45*L46*L47*L48)) -> 2.3290828
K56: Safety factor too high- can lower Gear Quality
K57: Total transmission ratio | L57: =L53*$E$37 -> 6.0086207
K59: Zv1 | L59: =L39*(1/COS($E$12))^3 -> 44.648421
K60: Zv2 | L60: =L40*(1/COS($E$12))^3 -> 63.123629
K61: Zv sum | L61: =L60+L59 -> 107.77205
K62: Half Zv | L62: =0.5*L61 -> 53.886025
K63: x1 | L63: 0.3
K64: x2 | L64: 0.3

Sheet Gear Speed 3
A1: 1. Gear Pair Specification
A2: G, TD, reliability and material (stress hlim and stress fe)
A4: Tnominal | B4: ='Gear Ratio and forces'!B10 -> 158.41 | K4: Gear Speed 3 | N4: Stress Calcs Kn and Mpa
A5: Input Speed | B5: ='Gear Ratio and forces'!B11 -> 3500 | K5: First Stage
N6: Ft1 | O6: =2*L22/L42 -> 3.4719371
A7: Application Factor Ka (for moderate shock multicylinder engines) | B7: 1.5 | K7: Application Factor Ka (for moderate shock multicylinder engines) | L7: 1.5
A9: Lifetime | B9: 10000 | C9: picked based on avg mileage | D9: w 1.25 safety factor | K9: Tnominal | L9: 84.19 | N9: Fr1 | O9: =O6*TAN($F$12) -> 7.767282
D10: Chosen total contact ratio | E10: helix Angle | F10: alphan | K10: Input Speed | L10: 3500
K11: pINION Peripheral speed m/s | L11: =PI()*L10*L42/(1000*60) -> 13.331425
A12: NL (number of tooth load cycles | B12: =B9*B5*60 -> 2100000000 | D12: 1.5 | E12: =RADIANS(30) -> 0.52359878 | F12: 20 | K12: Wheel Peripehral speed | L12: =PI()*L10*L43/(1000*60) -> 12.590791 | N12: Fn1 | O12: =O6/(COS($F$12)*COS(F12)) -> 20.848597
K13: Lifetime | L13: 10000
A14: Yn | B14: 1
A15: Zn | B15: 1 | K15: NL (number of tooth load cycles | L15: =L13*L10*60 -> 2100000000 | N15: Fx1 | O15: =O6*TAN($E$12) -> 2.0045238
A16: Yx | B16: 1
A17: Mq | B17: 1 | K17: Yn | L17: 1
K18: Zn | L18: 1
K19: Yx | L19: 1 | N19: Forces on wheel are equal and opposite
A20: Material | B20: EN39 | K20: Mq | L20: 1.2
K21: Y | L21: 2.9
A22: Material Stresses and safety facctors | D22: Permissible stresses | E22: Bending Fatige limit* Strength life factor* Size factor * material quality factor | K22: TD | L22: =L7*L9 -> 126.285
K23: Gear Quality | L23: 6
A24: Hlim | B24: 1500 | D24: Bending FP | E24: =B25*B14*B16*B17 -> 920 | K24: Kv | L24: 1.32
A25: Fe | B25: 920 | D25: Surface stress HP | E25: =B24*B15*SQRT(B17) -> 1500 | K25: Kv- helical | L25: =1+0.6*(L24-1) -> 1.192
A26: Sh | B26: 1.275 | K26: Khb | L26: 1.7
A27: Sf | B27: 1.94 | D27: Gear Shifts | E27: Total Gear Ratio | F27: G1 | G27: G2 | K27: khb(crowned) | L27: {=IF(L26>1.6,(L26-1)*0.5+1,N/A)} -> 1.35
A28: Youngs Modulus | D28: 1 | E28: ='Gear Ratio and forces'!H2/4.25 -> 2.1176471 | F28: =SQRT(E28) -> 1.4552138 | G28: {=SQRT(E28:E30)} -> 1.4552138 | K28: KFB | L28: =IF(ISNUMBER(L27),0.9*L27,0.9*L26) -> 1.215
D29: 2 | E29: ='Gear Ratio and forces'!H3/4.25 -> 1.4117647 | F29: =SQRT(E29) -> 1.1881771 | G29: 1.1881771 | K29: c | L29: 0.3
A30: Hardness | D30: 3 | E30: ='Gear Ratio and forces'!H4/4.25 -> 0.94117647 | F30: =SQRT(E30) -> 0.9701425 | G30: 0.9701425 | K30: Gear ratio | L30: 0.941
A31: Surface | B31: 270 | D31: 4 | E31: ='Gear Ratio and forces'!H5/4.25 -> 0.70588235 | K31: Kha | L31: 1.2
A32: Core | B32: 650 | D32: 5 | E32: ='Gear Ratio and forces'!H6/4.25 -> 0.56470588 | K32: d1 | L32: =700*((L22/L29)*(($B$26/$E$25)^2)*((L30+1)/L30)*(L25*IF(ISNUMBER(L27),L27,24)))^(1/3) -> 70.221398
K33: d2 | L33: =L30*L32 -> 66.078336
K34: Module, min (mm) | L34: =2*L22*(10^3)*L21*$B$27*L25*L28/(L29*$E$24*L32^2) -> 1.5121191
K36: Z1 | L36: =(L32/L34)*COS(($E$12)) -> 40.217411
A37: Failure probability | B37: 0.001 | D37: FDR | E37: 4.25 | K37: Z2 | L37: =L30*L36 -> 37.844584
A39: b/d (standard for automotiver applications) | B39: 0.3 | D39: Do final drie gear pair | K39: Chosen Z1 | L39: 36
D40: Also account nfor final drive ratio -take from ford car design | K40: Chosen Z2 | L40: =ROUND(L39*L30,0) -> 34
K41: Chosen Module | L41: 1.75
D42: Make 4th gear 1:1 | K42: Chosen D1 | L42: =L39*L41/(COS($E$12)) -> 72.746134
K43: Chosen D2 | L43: =L40*L41/(COS($E$12)) -> 68.704682
K44: b | L44: =MAX(L42*L29,L43*L29) -> 21.82384
K45: Zh | L45: 2.5
K46: ZE | L46: 190
K47: Ze | L47: 0.83
K48: Zb | L48: 0.96
K53: Actual Gear ratio | L53: =L40/L39 -> 0.94444444
K54: Actual SF | L54: =L41*L29*(MIN(L42,L43)^2)*$E$24/(2*L22*1000*L21*L25*L28) -> 2.1492528
K55: Actual SH Safety factor | L55: =(((MIN(L42,L43)^3)*(L53/(L53+1))/((L25*IF(ISNUMBER(L27),L27,L26)*L31)*2*L22*1000))^0.5)*($E$25/(L45*L46*L47*L48)) -> 2.2523286
K56: Safety factor too high- can lower Gear Quality
K57: Total transmission ratio | L57: =L53*$E$37 -> 4.0138889
K59: Zv1 | L59: =L39*(1/COS($E$12))^3 -> 55.425626
K60: Zv2 | L60: =L40*(1/COS($E$12))^3 -> 52.346424
K61: Zv sum | L61: =L60+L59 -> 107.77205
K62: Half Zv | L62: =0.5*L61 -> 53.886025
K63: x1 | L63: 0.3
K64: x2 | L64: 0.3

Sheet Gear Speed 4
A1: 1. Gear Pair Specification
A2: G, TD, reliability and material (stress hlim and stress fe)
A4: Tnominal | B4: ='Gear Ratio and forces'!B10 -> 158.41 | K4: Gear Speed 4 | N4: Stress Calcs Kn and Mpa
A5: Input Speed | B5: ='Gear Ratio and forces'!B11 -> 3500 | K5: First Stage
N6: Ft1 | O6: =2*L22/L42 -> 4.6394218
A7: Application Factor Ka (for moderate shock multicylinder engines) | B7: 1.5 | K7: Application Factor Ka (for moderate shock multicylinder engines) | L7: 1.5
A9: Lifetime | B9: 10000 | C9: picked based on avg mileage | D9: w 1.25 safety factor | K9: Tnominal | L9: 125 | N9: Fr1 | O9: =O6*TAN($F$12) -> 10.379133
D10: Chosen total contact ratio | E10: helix Angle | F10: alphan | K10: Input Speed | L10: 3500
K11: pINION Peripheral speed m/s | L11: =PI()*L10*L42/(1000*60) -> 14.812695
A12: NL (number of tooth load cycles | B12: =B9*B5*60 -> 2100000000 | D12: 1.5 | E12: =RADIANS(30) -> 0.52359878 | F12: 20 | K12: Wheel Peripehral speed | L12: =PI()*L10*L43/(1000*60) -> 10.580496 | N12: Fn1 | O12: =O6/(COS($F$12)*COS(F12)) -> 27.859213
K13: Lifetime | L13: 10000
A14: Yn | B14: 1
A15: Zn | B15: 1 | K15: NL (number of tooth load cycles | L15: =L13*L10*60 -> 2100000000 | N15: Fx1 | O15: =O6*TAN($E$12) -> 2.6785714
A16: Yx | B16: 1
A17: Mq | B17: 1 | K17: Yn | L17: 1
K18: Zn | L18: 1
K19: Yx | L19: 1 | N19: Forces on wheel are equal and opposite
A20: Material | B20: EN39 | K20: Mq | L20: 1.2
K21: Y | L21: 2.9
A22: Material Stresses and safety facctors | D22: Permissible stresses | E22: Bending Fatige limit* Strength life factor* Size factor * material quality factor | K22: TD | L22: =L7*L9 -> 187.5
K23: Gear Quality | L23: 6
A24: Hlim | B24: 1500 | D24: Bending FP | E24: =B25*B14*B16*B17 -> 920 | K24: Kv | L24: 1.32
A25: Fe | B25: 920 | D25: Surface stress HP | E25: =B24*B15*SQRT(B17) -> 1500 | K25: Kv- helical | L25: =1+0.6*(L24-1) -> 1.192
A26: Sh | B26: 1.275 | K26: Khb | L26: 1.6
A27: Sf | B27: 1.94 | D27: Gear Shifts | E27: Total Gear Ratio | F27: G1 | G27: G2 | K27: khb(crowned) | L27: {=IF(L26>=1.6,(L26-1)*0.5+1,N/A)} -> 1.3
A28: Youngs Modulus | D28: 1 | E28: ='Gear Ratio and forces'!H2/4.25 -> 2.1176471 | F28: =SQRT(E28) -> 1.4552138 | G28: {=SQRT(E28:E30)} -> 1.4552138 | K28: KFB | L28: =IF(ISNUMBER(L27),0.9*L27,0.9*L26) -> 1.17
D29: 2 | E29: ='Gear Ratio and forces'!H3/4.25 -> 1.4117647 | F29: =SQRT(E29) -> 1.1881771 | G29: 1.1881771 | K29: c | L29: 0.3
A30: Hardness | D30: 3 | E30: ='Gear Ratio and forces'!H4/4.25 -> 0.94117647 | F30: =SQRT(E30) -> 0.9701425 | G30: 0.9701425 | K30: Gear ratio | L30: =$E$31 -> 0.70588235
A31: Surface | B31: 270 | D31: 4 | E31: ='Gear Ratio and forces'!H5/4.25 -> 0.70588235 | K31: Kha | L31: 1.2
A32: Core | B32: 650 | D32: 5 | E32: ='Gear Ratio and forces'!H6/4.25 -> 0.56470588 | K32: d1 | L32: =700*((L22/L29)*(($B$26/$E$25)^2)*((L30+1)/L30)*(L25*IF(ISNUMBER(L27),L27,24)))^(1/3) -> 83.396812
K33: d2 | L33: =L30*L32 -> 58.868338
K34: Module, min (mm) | L34: =2*L22*(10^3)*L21*$B$27*L25*L28/(L29*$E$24*L32^2) -> 1.5327987
K36: Z1 | L36: =(L32/L34)*COS(($E$12)) -> 47.118879
A37: Failure probability | B37: 0.001 | D37: FDR | E37: 4.25 | K37: Z2 | L37: =L30*L36 -> 33.260385
A39: b/d (standard for automotiver applications) | B39: 0.3 | D39: Do final drie gear pair | K39: Chosen Z1 | L39: 35
D40: Also account nfor final drive ratio -take from ford car design | K40: Chosen Z2 | L40: =ROUND(L39*L30,0) -> 25
K41: Chosen Module | L41: 2
D42: Make 4th gear 1:1 | K42: Chosen D1 | L42: =L39*L41/(COS($E$12)) -> 80.829038
K43: Chosen D2 | L43: =L40*L41/(COS($E$12)) -> 57.735027
K44: b | L44: =MAX(L42*L29,L43*L29) -> 24.248711
K45: Zh | L45: 2.5
K46: ZE | L46: 190
K47: Ze | L47: 0.83
K48: Zb | L48: 0.96
K53: Actual Gear ratio | L53: =L40/L39 -> 0.71428571
K54: Actual SF | L54: =L41*L29*(MIN(L42,L43)^2)*$E$24/(2*L22*1000*L21*L25*L28) -> 1.2131833
K55: Actual SH Safety factor | L55: =(((MIN(L42,L43)^3)*(L53/(L53+1))/((L25*IF(ISNUMBER(L27),L27,L26)*L31)*2*L22*1000))^0.5)*($E$25/(L45*L46*L47*L48)) -> 1.343958
K56: Safety factor too high- can lower Gear Quality
K57: Total transmission ratio | L57: =L53*$E$37 -> 3.0357143
K59: Zv1 | L59: =L39*(1/COS($E$12))^3 -> 53.886025
K60: Zv2 | L60: =L40*(1/COS($E$12))^3 -> 38.490018
K61: Zv sum | L61: =L60+L59 -> 92.376043
K62: Half Zv | L62: =0.5*L61 -> 46.188022
K63: x1 | L63: 0.3
K64: x2 | L64: 0.3

Sheet Gear Speed 5
A1: 1. Gear Pair Specification
A2: G, TD, reliability and material (stress hlim and stress fe)
A4: Tnominal | B4: ='Gear Ratio and forces'!B10 -> 158.41 | J4: Gear Speed 5 | M4: Stress Calcs Kn and Mpa
A5: Input Speed | B5: ='Gear Ratio and forces'!B11 -> 3500 | J5: First Stage
M6: Ft1 | N6: =2*K22/K42 -> 3.5176175
A7: Application Factor Ka (for moderate shock multicylinder engines) | B7: 1.5 | J7: Application Factor Ka (for moderate shock multicylinder engines) | K7: 1.5
A9: Lifetime | B9: 10000 | C9: picked based on avg mileage | D9: w 1.25 safety factor | J9: Tnominal | K9: 158.41 | M9: Fr1 | N9: =N6*TAN($F$12) -> 7.8694766
D10: Chosen total contact ratio | E10: helix Angle | F10: alphan | J10: Input Speed | K10: 3500
J11: pINION Peripheral speed m/s | K11: =PI()*K10*K42/(1000*60) -> 24.758361
A12: NL (number of tooth load cycles | B12: =B9*B5*60 -> 2100000000 | D12: 1.5 | E12: =RADIANS(30) -> 0.52359878 | F12: 20 | J12: Wheel Peripehral speed | K12: =PI()*K10*K43/(1000*60) -> 13.966255 | M12: Fn1 | N12: =N6/(COS($F$12)*COS(E12)) -> 9.9533776
J13: Lifetime | K13: 10000
A14: Yn | B14: 1
A15: Zn | B15: 1 | J15: NL (number of tooth load cycles | K15: =K13*K10*60 -> 2100000000 | M15: Fx1 | N15: =N6*TAN($E$12) -> 2.0308974
A16: Yx | B16: 1
A17: Mq | B17: 1 | J17: Yn | K17: 1
J18: Zn | K18: 1
J19: Yx | K19: 1 | M19: Forces on wheel are equal and opposite
A20: Material | B20: EN39 | J20: Mq | K20: 1.2
J21: Y | K21: 2.9
A22: Material Stresses and safety facctors | D22: Permissible stresses | E22: Bending Fatige limit* Strength life factor* Size factor * material quality factor | J22: TD | K22: =K7*K9 -> 237.615
J23: Gear Quality | K23: 6
A24: Hlim | B24: 1500 | D24: Bending FP | E24: =B25*B14*B16*B17 -> 920 | J24: Kv | K24: 1.32
A25: Fe | B25: 920 | D25: Surface stress HP | E25: =B24*B15*SQRT(B17) -> 1500 | J25: Kv- helical | K25: =1+0.6*(K24-1) -> 1.192
A26: Sh | B26: 1.275 | J26: Khb | K26: 1.75
A27: Sf | B27: 1.94 | D27: Gear Shifts | E27: Total Gear Ratio | F27: G1 | G27: G2 | J27: khb(crowned) | K27: {=IF(K26>1.6,(K26-1)*0.5+1,N/A)} -> 1.375
A28: Youngs Modulus | D28: 1 | E28: ='Gear Ratio and forces'!H2/4.25 -> 2.1176471 | F28: =SQRT(E28) -> 1.4552138 | G28: {=SQRT(E28:E30)} -> 1.4552138 | J28: KFB | K28: =IF(ISNUMBER(K27),0.9*K27,0.9*K26) -> 1.2375
D29: 2 | E29: ='Gear Ratio and forces'!H3/4.25 -> 1.4117647 | F29: =SQRT(E29) -> 1.1881771 | G29: 1.1881771 | J29: c | K29: 0.3
A30: Hardness | D30: 3 | E30: ='Gear Ratio and forces'!H4/4.25 -> 0.94117647 | F30: =SQRT(E30) -> 0.9701425 | G30: 0.9701425 | J30: Gear ratio | K30: =E32 -> 0.56470588
A31: Surface | B31: 270 | D31: 4 | E31: ='Gear Ratio and forces'!H5/4.25 -> 0.70588235 | J31: Kha | K31: 1.2
A32: Core | B32: 650 | D32: 5 | E32: ='Gear Ratio and forces'!H6/4.25 -> 0.56470588 | J32: d1 | K32: =700*((K22/K29)*(($B$26/$E$25)^2)*((K30+1)/K30)*(K25*IF(ISNUMBER(K27),K27,24)))^(1/3) -> 96.240523
J33: d2 | K33: =K30*K32 -> 54.34759
J34: Module, min (mm) | K34: =2*K22*(10^3)*K21*$B$27*K25*K28/(K29*$E$24*K32^2) -> 1.5427658
J36: Z1 | K36: =(K32/K34)*COS(($E$12)) -> 54.024232
A37: Failure probability | B37: 0.001 | D37: FDR | E37: 4.25 | J37: Z2 | K37: =K30*K36 -> 30.507802
A39: b/d (standard for automotiver applications) | B39: 0.3 | D39: Do final drie gear pair | J39: Chosen Z1 | K39: 39
D40: Also account nfor final drive ratio -take from ford car design | J40: Chosen Z2 | K40: 22
J41: Chosen Module | K41: 3
D42: Make 4th gear 1:1 | J42: Chosen D1 | K42: =K39*K41/(COS($E$12)) -> 135.09996
J43: Chosen D2 | K43: =K40*K41/(COS($E$12)) -> 76.210236
J44: b | K44: =MAX(K42*K29,K43*K29) -> 40.529989
J45: Zh | K45: 2.5
J46: ZE | K46: 190
J47: Ze | K47: 0.83
J48: Zb | K48: 0.96
J53: Actual Gear ratio | K53: =K40/K39 -> 0.56410256
J54: Actual SF | K54: =K41*K29*(MIN(K42,K43)^2)*$E$24/(2*K22*1000*K21*K25*K28) -> 2.3655582
J55: Actual SH Safety factor | K55: =(((MIN(K42,K43)^3)*(K53/(K53+1))/((K25*IF(ISNUMBER(K27),K27,K26)*K31)*2*K22*1000))^0.5)*($E$25/(K45*K46*K47*K48)) -> 1.6378823
J56: Safety factor too high- can lower Gear Quality
J57: Total transmission ratio | K57: =K53*$E$37 -> 2.3974359
J59: Zv1 | K59: =K39*(1/COS($E$12))^3 -> 60.044428
J60: Zv2 | K60: =K40*(1/COS($E$12))^3 -> 33.871216
J61: Zv sum | K61: =K60+K59 -> 93.915644
J62: Half Zv | K62: =0.5*K61 -> 46.957822
J63: x1 | K63: 0.3
J64: x2 | K64: 0.3

Sheet Reverse
A1: 1. Gear Pair Specification
A2: G, TD, reliability and material (stress hlim and stress fe)
A4: Tnominal | B4: ='Gear Ratio and forces'!B10 -> 158.41 | J4: Reverse
A5: Input Speed | B5: ='Gear Ratio and forces'!B11 -> 3500 | J5: First Stage
A7: Application Factor Ka (for moderate shock multicylinder engines) | B7: 1.5 | J7: Application Factor Ka (for moderate shock multicylinder engines) | K7: 1.5
A9: Lifetime | B9: 10000 | C9: picked based on avg mileage | D9: w 1.25 safety factor | J9: Tnominal | K9: 158.41
D10: Chosen total contact ratio | E10: helix Angle | F10: alphan | J10: Input Speed | K10: 3500
J11: pINION Peripheral speed m/s | K11: =PI()*K10*K42/(1000*60) -> 24.758361
A12: NL (number of tooth load cycles | B12: =B9*B5*60 -> 2100000000 | D12: 1.5 | E12: =RADIANS(30) -> 0.52359878 | F12: 20 | J12: Wheel Peripehral speed | K12: =PI()*K10*K43/(1000*60) -> 13.966255
J13: Lifetime | K13: 10000
A14: Yn | B14: 1
A15: Zn | B15: 1 | J15: NL (number of tooth load cycles | K15: =K13*K10*60 -> 2100000000
A16: Yx | B16: 1
A17: Mq | B17: 1 | J17: Yn | K17: 1
J18: Zn | K18: 1
J19: Yx | K19: 1
A20: Material | B20: EN39 | J20: Mq | K20: 1.2
J21: Y | K21: 2.9
A22: Material Stresses and safety facctors | D22: Permissible stresses | E22: Bending Fatige limit* Strength life factor* Size factor * material quality factor | J22: TD | K22: =K7*K9 -> 237.615
J23: Gear Quality | K23: 6
A24: Hlim | B24: 1500 | D24: Bending FP | E24: =B25*B14*B16*B17 -> 920 | J24: Kv | K24: 1.32
A25: Fe | B25: 920 | D25: Surface stress HP | E25: =B24*B15*SQRT(B17) -> 1500 | J25: Kv- helical | K25: =1+0.6*(K24-1) -> 1.192
A26: Sh | B26: 1.275 | J26: Khb | K26: 1.75
A27: Sf | B27: 1.94 | D27: Gear Shifts | E27: Total Gear Ratio | F27: G1 | G27: G2 | J27: khb(crowned) | K27: {=IF(K26>1.6,(K26-1)*0.5+1,N/A)} -> 1.375
A28: Youngs Modulus | D28: 1 | E28: ='Gear Ratio and forces'!H2/4.25 -> 2.1176471 | F28: =SQRT(E28) -> 1.4552138 | G28: {=SQRT(E28:E30)} -> 1.4552138 | J28: KFB | K28: =IF(ISNUMBER(K27),0.9*K27,0.9*K26) -> 1.2375
D29: 2 | E29: ='Gear Ratio and forces'!H3/4.25 -> 1.4117647 | F29: =SQRT(E29) -> 1.1881771 | G29: 1.1881771 | J29: c | K29: 0.3
A30: Hardness | D30: 3 | E30: ='Gear Ratio and forces'!H4/4.25 -> 0.94117647 | F30: =SQRT(E30) -> 0.9701425 | G30: 0.9701425 | J30: Gear ratio | K30: =E32 -> 0.56470588
A31: Surface | B31: 270 | D31: 4 | E31: ='Gear Ratio and forces'!H5/4.25 -> 0.70588235 | J31: Kha | K31: 1.2
A32: Core | B32: 650 | D32: 5 | E32: ='Gear Ratio and forces'!H6/4.25 -> 0.56470588 | J32: d1 | K32: =700*((K22/K29)*(($B$26/$E$25)^2)*((K30+1)/K30)*(K25*IF(ISNUMBER(K27),K27,24)))^(1/3) -> 96.240523
J33: d2 | K33: =K30*K32 -> 54.34759
J34: Module, min (mm) | K34: =2*K22*(10^3)*K21*$B$27*K25*K28/(K29*$E$24*K32^2) -> 1.5427658
J36: Z1 | K36: =(K32/K34)*COS(($E$12)) -> 54.024232
A37: Failure probability | B37: 0.001 | D37: FDR | E37: 4.25 | J37: Z2 | K37: =K30*K36 -> 30.507802
A39: b/d (standard for automotiver applications) | B39: 0.3 | D39: Do final drie gear pair | J39: Chosen Z1 | K39: 39
D40: Also account nfor final drive ratio -take from ford car design | J40: Chosen Z2 | K40: 22
J41: Chosen Module | K41: 3
D42: Make 4th gear 1:1 | J42: Chosen D1 | K42: =K39*K41/(COS($E$12)) -> 135.09996
J43: Chosen D2 | K43: =K40*K41/(COS($E$12)) -> 76.210236
J44: b | K44: =MAX(K42*K29,K43*K29) -> 40.529989
J45: Zh | K45: 2.5
J46: ZE | K46: 190
J47: Ze | K47: 0.83
J48: Zb | K48: 0.96
J53: Actual Gear ratio | K53: =K40/K39 -> 0.56410256
J54: Actual SF | K54: =K41*K29*(MIN(K42,K43)^2)*$E$24/(2*K22*1000*K21*K25*K28) -> 2.3655582
J55: Actual SH Safety factor | K55: =(((MIN(K42,K43)^3)*(K53/(K53+1))/((K25*IF(ISNUMBER(K27),K27,K26)*K31)*2*K22*1000))^0.5)*($E$25/(K45*K46*K47*K48)) -> 1.6378823
J56: Safety factor too high- can lower Gear Quality
J57: Total transmission ratio | K57: =K53*$E$37 -> 2.3974359
J59: Zv1 | K59: =K39*(1/COS($E$12))^3 -> 60.044428
J60: Zv2 | K60: =K40*(1/COS($E$12))^3 -> 33.871216
J61: Zv sum | K61: =K60+K59 -> 93.915644
J62: Half Zv | K62: =0.5*K61 -> 46.957822
J63: x1 | K63: 0.3
J64: x2 | K64: 0.3

Sheet FDR
A1: 1. Gear Pair Specification
A2: G, TD, reliability and material (stress hlim and stress fe)
K3: Gear Speed 5 | N3: FDR | Q3: Stress Calcs Kn and Mpa
A4: Tnominal | B4: ='Gear Ratio and forces'!B10 -> 158.41 | K4: First Stage | N4: First Stage
A5: Input Speed | B5: ='Gear Ratio and forces'!B11 -> 3500 | Q5: Ft1 | R5: =2*O21/O41 -> 3.8693793
K6: Application Factor Ka (for moderate shock multicylinder engines) | L6: 1.5 | N6: Application Factor Ka (for moderate shock multicylinder engines) | O6: 1.5
A7: Application Factor Ka (for moderate shock multicylinder engines) | B7: 1.5
K8: Tnominal | L8: 158.41 | N8: Tnominal | O8: =L8*L52 -> 89.359487 | Q8: Fr1 | R8: =R5*TAN($F$12) -> 8.6564242
A9: Lifetime | B9: 10000 | C9: picked based on avg mileage | D9: w 1.25 safety factor | K9: Input Speed | L9: 3500 | N9: Input Speed | O9: =L9/L52 -> 6204.5455
D10: Chosen total contact ratio | E10: helix Angle | F10: alphan | K10: pINION Peripheral speed m/s | L10: =PI()*L9*L41/(1000*60) -> 24.758361 | N10: pINION Peripheral speed m/s | O10: =PI()*O9*O41/(1000*60) -> 22.507601
K11: Wheel Peripehral speed | L11: =PI()*L9*L42/(1000*60) -> 13.966255 | N11: Wheel Peripehral speed | O11: =PI()*O9*O42/(1000*60) -> 95.657305 | Q11: Fn1 | R11: =R5/(COS($F$12)*COS(I11)) -> 9.4818657
A12: NL (number of tooth load cycles | B12: =B9*B5*60 -> 2100000000 | D12: 1.5 | E12: =RADIANS(30) -> 0.52359878 | F12: 20 | K12: Lifetime | L12: 10000 | N12: Lifetime | O12: 10000
A14: Yn | B14: 1 | K14: NL (number of tooth load cycles | L14: =L12*L9*60 -> 2100000000 | N14: NL (number of tooth load cycles | O14: =O12*O9*60 -> 3.7227273e+09 | Q14: Fx1 | R14: =R5*TAN($E$12) -> 2.2339872
A15: Zn | B15: 1
A16: Yx | B16: 1 | K16: Yn | L16: 1 | N16: Yn | O16: 1
A17: Mq | B17: 1 | K17: Zn | L17: 1 | N17: Zn | O17: 1
K18: Yx | L18: 1 | N18: Yx | O18: 1 | Q18: Forces on wheel are equal and opposite
K19: Mq | L19: 1.2 | N19: Mq | O19: 1.2
A20: Material | B20: EN39 | K20: Y | L20: 2.9 | N20: Y | O20: 2.9
K21: TD | L21: =L6*L8 -> 237.615 | N21: TD | O21: =O6*O8 -> 134.03923
A22: Material Stresses and safety facctors | D22: Permissible stresses | E22: Bending Fatige limit* Strength life factor* Size factor * material quality factor | K22: Gear Quality | L22: 6 | N22: Gear Quality | O22: 6
K23: Kv | L23: 1.32 | N23: Kv | O23: 1.45
A24: Hlim | B24: 1500 | D24: Bending FP | E24: =B25*B14*B16*B17 -> 920 | K24: Kv- helical | L24: =1+0.6*(L23-1) -> 1.192 | N24: Kv- helical | O24: =1+0.6*(O23-1) -> 1.27
A25: Fe | B25: 920 | D25: Surface stress HP | E25: =B24*B15*SQRT(B17) -> 1500 | K25: Khb | L25: 1.75 | N25: Khb | O25: 1.75
A26: Sh | B26: 1.275 | K26: khb(crowned) | L26: {=IF(L25>1.6,(L25-1)*0.5+1,N/A)} -> 1.375 | N26: khb(crowned) | O26: {=IF(O25>1.6,(O25-1)*0.5+1,N/A)} -> 1.375
A27: Sf | B27: 1.94 | D27: Gear Shifts | E27: Total Gear Ratio | F27: G1 | G27: G2 | K27: KFB | L27: =IF(ISNUMBER(L26),0.9*L26,0.9*L25) -> 1.2375 | N27: KFB | O27: =IF(ISNUMBER(O26),0.9*O26,0.9*O25) -> 1.2375
A28: Youngs Modulus | D28: 1 | E28: ='Gear Ratio and forces'!H2/4.25 -> 2.1176471 | F28: =SQRT(E28) -> 1.4552138 | G28: {=SQRT(E28:E30)} -> 1.4552138 | K28: c | L28: 0.3 | N28: c | O28: 0.3
D29: 2 | E29: ='Gear Ratio and forces'!H3/4.25 -> 1.4117647 | F29: =SQRT(E29) -> 1.1881771 | G29: 1.1881771 | K29: Gear ratio | L29: =E32 -> 0.56470588 | N29: Gear ratio | O29: =E37 -> 4.25
A30: Hardness | D30: 3 | E30: ='Gear Ratio and forces'!H4/4.25 -> 0.94117647 | F30: =SQRT(E30) -> 0.9701425 | G30: 0.9701425 | K30: Kha | L30: 1.2 | N30: Kha | O30: 1.2
A31: Surface | B31: 270 | D31: 4 | E31: ='Gear Ratio and forces'!H5/4.25 -> 0.70588235 | K31: d1 | L31: =700*((L21/L28)*(($B$26/$E$25)^2)*((L29+1)/L29)*(L24*IF(ISNUMBER(L26),L26,24)))^(1/3) -> 96.240523 | N31: d1 | O31: =700*((O21/O28)*(($B$26/$E$25)^2)*((O29+1)/O29)*(O24*IF(ISNUMBER(O26),O26,24)))^(1/3) -> 62.044956
A32: Core | B32: 650 | D32: 5 | E32: ='Gear Ratio and forces'!H6/4.25 -> 0.56470588 | K32: d2 | L32: =L29*L31 -> 54.34759 | N32: d2 | O32: =O29*O31 -> 263.69106
K33: Module, min (mm) | L33: =2*L21*(10^3)*L20*$B$27*L24*L27/(L28*$E$24*L31^2) -> 1.5427658 | N33: Module, min (mm) | O33: =2*O21*(10^3)*O20*$B$27*O24*O27/(O28*$E$24*O31^2) -> 2.2309433
K35: Z1 | L35: =(L31/L33)*COS(($E$12)) -> 54.024232 | N35: Z1 | O35: =(O31/O33)*COS(($E$12)) -> 24.085106
K36: Z2 | L36: =L29*L35 -> 30.507802 | N36: Z2 | O36: =O29*O35 -> 102.3617
A37: Failure probability | B37: 0.001 | D37: FDR | E37: 4.25
K38: Chosen Z1 | L38: 39 | N38: Chosen Z1 | O38: 20
A39: b/d (standard for automotiver applications) | B39: 0.3 | D39: Do final drie gear pair | K39: Chosen Z2 | L39: 22 | N39: Chosen Z2 | O39: =ROUND(O38*O29,0) -> 85
D40: Also account nfor final drive ratio -take from ford car design | K40: Chosen Module | L40: 3 | N40: Chosen Module | O40: 3
K41: Chosen D1 | L41: =L38*L40/(COS($E$12)) -> 135.09996 | N41: Chosen D1 | O41: =O38*O40/(COS($E$12)) -> 69.282032
D42: Make 4th gear 1:1 | K42: Chosen D2 | L42: =L39*L40/(COS($E$12)) -> 76.210236 | N42: Chosen D2 | O42: =O39*O40/(COS($E$12)) -> 294.44864
K43: b | L43: =MAX(L41*L28,L42*L28) -> 40.529989 | N43: b | O43: =MAX(O41*O28,O42*O28) -> 88.334591
K44: Zh | L44: 2.5 | N44: Zh | O44: 2.5
K45: ZE | L45: 190 | N45: ZE | O45: 190
K46: Ze | L46: 0.83 | N46: Ze | O46: 0.83
K47: Zb | L47: 0.96 | N47: Zb | O47: 0.96
K52: Actual Gear ratio | L52: =L39/L38 -> 0.56410256 | N52: Actual Gear ratio | O52: =O39/O38 -> 4.25
K53: Actual SF | L53: =L40*L28*(MIN(L41,L42)^2)*$E$24/(2*L21*1000*L20*L24*L27) -> 2.3655582 | N53: Actual SF | O53: =O40*O28*(O41^2)*$E$24/(2*O21*1000*O20*O24*O27) -> 3.2528402
K54: Actual SH Safety factor | L54: =(((MIN(L41,L42)^3)*(L52/(L52+1))/((L24*IF(ISNUMBER(L26),L26,L25)*L30)*2*L21*1000))^0.5)*($E$25/(L44*L45*L46*L47)) -> 1.6378823 | N54: Actual SH Safety factor | O54: =(((O41^3)*(O52/(O52+1))/((O24*IF(ISNUMBER(O26),O26,O25)*O30)*2*O21*1000))^0.5)*($E$25/(O44*O45*O46*O47)) -> 2.7435904
K55: Safety factor too high- can lower Gear Quality | N55: Safety factor too high- can lower Gear Quality
K56: Total transmission ratio | L56: =L52*$E$37 -> 2.3974359 | N56: Total transmission ratio | O56: =O52*$E$32 -> 2.4
K58: Zv1 | L58: =L38*(1/COS($E$12))^3 -> 60.044428 | N58: Zv1 | O58: =O38*(1/COS($E$12))^3 -> 30.792014
K59: Zv2 | L59: =L39*(1/COS($E$12))^3 -> 33.871216 | N59: Zv2 | O59: =O39*(1/COS($E$12))^3 -> 130.86606
K60: Zv sum | L60: =L59+L58 -> 93.915644 | N60: Zv sum | O60: =O59+O58 -> 161.65808
K61: Half Zv | L61: =0.5*L60 -> 46.957822 | N61: Half Zv | O61: =0.5*O60 -> 80.829038
K62: x1 | L62: 0.3 | N62: x1 | O62: 0.3
K63: x2 | L63: 0.3 | N63: x2 | O63: 0.3

Sheet Bearings
A1: bearing calcs
A4: Forces
A6: FDR
A8: Stress Calcs Kn and Mpa
A10: Ft1 | B10: 3.8693793
V12: RH axes
A13: Fr1 | B13: 8.6564242 | V13: Ft is x direction
P14: Shaft 1 Input shaft | V14: Fr is y | W14: Fx is z
A16: Fn1 | B16: 9.4818657 | F16: Shaft 1
F17: Force | G17: Value (KN)
F18: X | G18: =SUM(G19:G24) -> 8.4220392 | P18: At each point, radial tangential and axial forces exist
A19: Fx1 | B19: 2.2339872 | F19: 1 | G19: 0.65770168
F20: 2 | G20: 1.0503448
F21: 3 | G21: 2.0045238
A22: Gear Speed 5 | F22: 4 | G22: 2.6785714
F23: 5 | G23: 2.0308974 | K23: Shaft speed ω (rpm) | M23: 3500
A24: Stress Calcs Kn and Mpa | E24: Reverse gear | F24: 6 | G24: dk yet | K24: Shaft diameter d (mm) | M24: 20
F25: Y | G25: =SUM(G26:G31) -> 32.634361
A26: Ft1 | B26: 3.5176175 | F26: 1 | G26: 2.5485127 | K26: Bearing 1 | L26: TYPE: RS PRO | M26: DGBB 6804-2RS | O26: n= | P26: 3
F27: 2 | G27: 4.0699564 | L27: Fa (kN) | M27: Fr (kN) | N27: Fa/Fr | O27: C (kN) | P27: C0 (kN) | Q27: Fa/C0 | R27: e | S27: X | T27: Y | U27: P (kN) | V27: L10 (million revs) | W27: L10h (hrs) | AA27: a1 | AB27: ν (mm2/s) | AC27: dm (mm) | AD27: ν1 (mm2/s) | AE27: κ | AF27: ηc | AG27: Pu (kN) | AH27: ηcPu/P | AI27: amod | AJ27: L10hmod (hrs)
F28: 3 | G28: 7.767282 | L28: ='[1]Bevel and Load Calculations'!S54/1000 -> 0 | M28: ='[1]Bevel and Load Calculations'!R54/1000 -> 0 | N28: =L28/M28 -> #DIV/0! | O28: 3.6 | P28: 2.223 | Q28: =L28/P28 -> 0 | R28: 0.29 | S28: 0.56 | T28: 1.49 | U28: =(S28*M28)+(T28*L28) -> 0 | V28: =(O28/U28)^P26 -> #DIV/0! | W28: =V28*(10^6)/(60*$C$15) -> #DIV/0! | AA28: 1 | AB28: 128 | AC28: =(K34+L34)/2 -> 26 | AD28: 109 | AE28: =AB28/AD28 -> 1.1743119 | AF28: 0.3 | AG28: 0.104 | AH28: =AF28*AG28/U28 -> #DIV/0! | AI28: 1.2 | AJ28: =AA28*AI28*W28 -> #DIV/0!
A29: Fr1 | B29: 7.8694766 | F29: 4 | G29: 10.379133
F30: 5 | G30: 7.8694766 | K30: Bearing 2 | L30: TYPE: RS PRO | M30: DGBB 6804-2RS | O30: n= | P30: 3
F31: 6 | G31: dk yet | K31: (floating) | L31: ='[1]Bevel and Load Calculations'!S55/1000 -> 0 | M31: ='[1]Bevel and Load Calculations'!R55/1000 -> 0 | N31: - | O31: 3.6 | P31: 2.223 | Q31: - | R31: - | S31: - | T31: - | U31: =M31 -> 0 | V31: =(O31/U31)^P30 -> #DIV/0! | W31: =V31*(10^6)/(60*$C$15) -> #DIV/0! | AA31: 1 | AB31: 128 | AC31: =(K34+L34)/2 -> 26 | AD31: 109 | AE31: =AB31/AD31 -> 1.1743119 | AF31: 0.3 | AG31: 0.104 | AH31: =AF31*AG31/U31 -> #DIV/0! | AI31: 1.2 | AJ31: =AA31*AI31*W31 -> #DIV/0!
A32: Fn1 | B32: 9.9533776 | F32: Z | G32: =SUM(G33:G38) -> 14.5874
F33: 1 | G33: 1.1391727 | K33: ID (mm) | L33: OD (mm) | M33: B (mm) | N33: m (kg) | Q33: Total Frictional Moment (Nmm) | T33: Power Loss (W)
F34: 2 | G34: 1.8192506 | K34: 20 | L34: 32 | M34: 7 | N34: 0.019 | P34: 1 | Q34: 42.2 | T34: =1.05*10^(-4)*Q34*$C$15 -> 0
A35: Fx1 | B35: 2.0308974 | F35: 3 | G35: 3.4719371 | P35: 2 | Q35: 40.5 | T35: =1.05*10^(-4)*Q35*$C$15 -> 0
F36: 4 | G36: 4.6394218 | K36: Bearing 1 RS part no.: | M36: 619-0323 | N36: 3.88
F37: 5 | G37: 3.5176175 | K37: Bearing 2 RS part no.: | M37: 619-0323 | N37: 3.88
A38: Gear Speed 4 | F38: 6 | G38: dk yet
A40: Stress Calcs Kn and Mpa
A42: Ft1 | B42: 4.6394218
A45: Fr1 | B45: 10.379133
A48: Fn1 | B48: 27.859213
A51: Fx1 | B51: 2.6785714
A54: Gear Speed 3
A56: Stress Calcs Kn and Mpa
A58: Ft1 | B58: 3.4719371
A61: Fr1 | B61: 7.767282
A64: Fn1 | B64: 20.848597
A67: Fx1 | B67: 2.0045238
A70: Gear Speed 2
A71: Stress Calcs Kn and Mpa
A73: Ft1 | B73: 1.8192506
A76: Fr1 | B76: 4.0699564
A79: Fn1 | B79: 10.924398
A82: Fx1 | B82: 1.0503448
A85: Gear Speed 1 | E85: G1 | F85: G2 | G85: G3 | H85: G4 | I85: G5
D86: Gear Diameter (mm) | E86: 34.641016 | F86: 50.191321 | G86: 72.746134 | H86: 80.829038 | I86: 135.09996
A87: Stress Calcs Kn and Mpa | D87: Gear Radius (m) | E87: =E86/(2*1000) -> 0.017320508 | F87: =F86/(2*1000) -> 0.02509566 | G87: =G86/(2*1000) -> 0.036373067 | H87: =H86/(2*1000) -> 0.040414519 | I87: =I86/(2*1000) -> 0.067549981
D88: Torque | E88: 19.73105 | F88: 45.69 | G88: 126.285 | H88: 187.5 | I88: 237.615
A89: Ft1 | B89: 1.1391727 | D89: Fty = Ft | E89: =E88/E87 -> 1139.1727 | F89: =F88/F87 -> 1820.6335 | G89: =G88/G87 -> 3471.9371 | H89: =H88/H87 -> 4639.4218 | I89: =I88/I87 -> 3517.6175
D90: Helix angle | E90: =RADIANS(30) -> 0.52359878 | F90: =RADIANS(30) -> 0.52359878 | G90: =RADIANS(30) -> 0.52359878 | H90: =RADIANS(30) -> 0.52359878 | I90: =RADIANS(30) -> 0.52359878
D91: alpha n | E91: =RADIANS(20) -> 0.34906585 | F91: =RADIANS(20) -> 0.34906585 | G91: =RADIANS(20) -> 0.34906585 | H91: =RADIANS(20) -> 0.34906585 | I91: =RADIANS(20) -> 0.34906585
A92: Fr1 | B92: 2.5485127 | D92: Ftx | E92: =E89*TAN(E90) -> 657.70168 | F92: =F89*TAN(F90) -> 1051.1432 | G92: =G89*TAN(G90) -> 2004.5238 | H92: =H89*TAN(H90) -> 2678.5714 | I92: =I89*TAN(I90) -> 2030.8974
D93: Ftz | E93: =E89*(TAN(E91)/COS(E90)) -> 478.76767 | F93: =F89*(TAN(F91)/COS(F90)) -> 765.1697 | G93: =G89*(TAN(G91)/COS(G90)) -> 1459.174 | H93: =H89*(TAN(H91)/COS(H90)) -> 1949.8405 | I93: =I89*(TAN(I91)/COS(I90)) -> 1478.3724
A95: Fn1 | B95: 3.2233795 | D95: R1x | E95: =E92 -> 657.70168 | F95: =F92 -> 1051.1432 | G95: =G92 -> 2004.5238 | H95: =H92 -> 2678.5714 | I95: =I92 -> 2030.8974
D97: a
A98: Fx1 | B98: 0.65770168 | D98: b
D100: R2y | E100: =E89*E97/(E97+E98) -> #DIV/0! | F100: =F89*F97/(F97+F98) -> #DIV/0! | G100: =G89*G97/(G97+G98) -> #DIV/0! | H100: =H89*H97/(H97+H98) -> #DIV/0! | I100: =I89*I97/(I97+I98) -> #DIV/0!
D101: R2z | E101: =(E97*E93-E87*E92)/(E97+E98) -> #DIV/0! | F101: =(F97*F93-F87*F92)/(F97+F98) -> #DIV/0! | G101: =(G97*G93-G87*G92)/(G97+G98) -> #DIV/0! | H101: =(H97*H93-H87*H92)/(H97+H98) -> #DIV/0! | I101: =(I97*I93-I87*I92)/(I97+I98) -> #DIV/0!
D102: R1y | E102: =E89-E100 -> #DIV/0! | F102: =F89-F100 -> #DIV/0! | G102: =G89-G100 -> #DIV/0! | H102: =H89-H100 -> #DIV/0! | I102: =I89-I100 -> #DIV/0!
D103: R1z | E103: =E93-E101 -> #DIV/0! | F103: =F93-F101 -> #DIV/0! | G103: =G93-G101 -> #DIV/0! | H103: =H93-H101 -> #DIV/0! | I103: =I93-I101 -> #DIV/0!
D104: Fr1 | E104: =SQRT(E102^2+E103^2) -> #DIV/0! | F104: =SQRT(F102^2+F103^2) -> #DIV/0! | G104: =SQRT(G102^2+G103^2) -> #DIV/0! | H104: =SQRT(H102^2+H103^2) -> #DIV/0! | I104: =SQRT(I102^2+I103^2) -> #DIV/0!
D105: Fr2 | E105: =SQRT(E100^2+E101^2) -> #DIV/0! | F105: =SQRT(F100^2+F101^2) -> #DIV/0! | G105: =SQRT(G100^2+G101^2) -> #DIV/0! | H105: =SQRT(H100^2+H101^2) -> #DIV/0! | I105: =SQRT(I100^2+I101^2) -> #DIV/0!

Sheet Sheet3
A1: Cr | B1: 0.016 | D1: Drag (N) | E1: =0.5*1.2*(B7*0.44704)^2*B2*B4 -> 1158.1292 | G1: Gear | H1: Min. G
A2: Cd | B2: 0.321 | D2: RR (N) | E2: =B3*9.81*B1*COS(B8*PI()/180) -> 170.92944 | G2: 1 | H2: 9 | I2: Can do 28° slope
A3: Mass (kg) | B3: 1089 | D3: Weight (N) | E3: =B3*9.81*SIN(B8*PI()/180) -> 0 | G3: 2 | H3: 6
A4: Area (m2) | B4: 2.15 | D4: Total F (N) | E4: =SUM(E1:E3) -> 1329.0586 | G4: 3 | H4: 4
A5: Wheel Radius (m) | B5: =0.3075*0.95 -> 0.292125 | D5: Power (kW) | E5: =E4*B7*0.00044704 -> 70.287041 | G5: 4 | H5: 3
G6: 5 | H6: 2.4 | I6: Max. power (4150 rpm, 162 Nm)
A7: Velocity (mph) | B7: 118.3 | D7: Output Torque (Nm) | E7: =E4*B5 -> 388.25125
A8: Gradient (°) | B8: 0 | D8: Output RPM | E8: =B7*0.44704/B5*30/PI() -> 1728.7563
A10: Input Torque (Nm) | B10: 162 | D10: G | E10: =E7/B10 -> 2.3966126
A11: Input RPM | B11: 4150 | E11: =1/(E8/B11) -> 2.4005696
A16: Max speed
A17: Velocity (kmph) | B17: =1.609344*B7 -> 190.3854
A18: Velocity(m/s) | B18: =(B17*1000)/3600 -> 52.884832
A19: Wheel rpm | B19: =(60*B18)/(2*B5*PI()) -> 1728.7563

Sheet Prelim Calcs old
A1: 1. Gear Pair Specification
A2: G, TD, reliability and material (stress hlim and stress fe)
T3: Gear Shift 1
A4: Tnominal | B4: ='Gear Ratio and forces'!B10 -> 158.41 | I4: Gear Shift 1 | L4: Gear Shift 1 | T4: First Stage
A5: Input Speed | B5: ='Gear Ratio and forces'!B11 -> 3500 | I5: First Stage | L5: First Stage | O5: Speed reduction gears therefore goes from small gear to big gear
I6: Kv | J6: 1.012 | T6: Application Factor Ka (for moderate shock multicylinder engines) | U6: 1.5
A7: Application Factor Ka (for moderate shock multicylinder engines) | B7: 1.5 | I7: Khb | J7: =1.75 -> 1.75 | L7: Application Factor Ka (for moderate shock multicylinder engines) | M7: 1.5
I8: khb(crowned) | J8: {=IF(J7>1.6,(J7-1)*0.5+1,N/A)} -> 1.375 | T8: Tnominal | U8: 33.29
A9: Lifetime | B9: 10000 | I9: KFB | J9: =IF(ISNUMBER(J8),0.9*J8,0.9*J7) -> 1.2375 | L9: Tnominal | M9: ='Performance Map'!AF68 -> 13.154034 | T9: Input Speed | U9: 1538
D10: Chosen total contact ratio | E10: helix Angle | I10: c | J10: 0.3 | L10: Input Speed | M10: ='Performance Map'!AC68 -> 0
A11: NL (number of tooth load cycles | B11: =B9*B5*60 -> 2100000000 | D11: 1.5 | E11: 30 | I11: Gear ratio | J11: 2.116 | T11: Lifetime | U11: 10000
I12: Tnominal | J12: ='Performance Map'!AF68 -> 13.154034 | L12: Lifetime | M12: 10000
A13: Yn | B13: 1 | I13: Input Speed | J13: ='Performance Map'!AC68 -> 0 | T13: NL (number of tooth load cycles | U13: =U11*U9*60 -> 922800000
A14: Zn | B14: 1 | L14: NL (number of tooth load cycles | M14: =M12*M10*60 -> 0 | N14: 10^8 power
A15: Yx | B15: 1 | I15: Application Factor Ka (for moderate shock multicylinder engines) | J15: 1.5 | T15: Yn | U15: 1
A16: Mq | B16: 1 | L16: Yn | M16: 1 | T16: Zn | U16: 1
I17: Lifetime | J17: 10000 | L17: Zn | M17: 1 | T17: Yx | U17: 1
L18: Yx | M18: 1 | T18: Mq | U18: 1.2
A19: Material | B19: EN39 | I19: NL (number of tooth load cycles | J19: =J17*J13*60 -> 0 | L19: Mq | M19: 1.2 | T19: Y | U19: 2.9
L20: Y | M20: 2.9 | T20: TD | U20: =U6*U8 -> 49.935
A21: Material Stresses and safety facctors | D21: Permissible stresses | E21: Bending Fatige limit* Strength life factor* Size factor * material quality factor | I21: Yn | J21: 1 | L21: TD | M21: =M7*M9 -> 19.73105 | T21: Kv | U21: 1.09
A22: Hlim | B22: 1500 | D22: Bending FP | E22: =B23*B13*B15*B16 -> 920 | I22: Zn | J22: 1 | L22: Kv | M22: 1.09 | T22: Kv- helical | U22: =1+0.6*(U21-1) -> 1.054
A23: Fe | B23: 920 | D23: Surface stress HP | E23: =B22*B14*SQRT(B16) -> 1500 | I23: Yx | J23: 1 | L23: Kv- helical | M23: =1+0.6*(M22-1) -> 1.054 | T23: Khb | U23: =2.5 -> 2.5
A24: Sh | B24: 1.275 | I24: Mq | J24: 1.2 | L24: Khb | M24: =2.5 -> 2.5 | T24: khb(crowned) | U24: {=IF(U23>1.6,(U23-1)*0.5+1,N/A)} -> 1.75
A25: Sf | B25: 1.94 | D25: Gear Shifts | E25: Total Gear Ratio | F25: G1 | G25: G2 | I25: Y | J25: 2.9 | L25: khb(crowned) | M25: {=IF(M24>1.6,(M24-1)*0.5+1,N/A)} -> 1.75 | T25: KFB | U25: =IF(ISNUMBER(U24),0.9*U24,0.9*U23) -> 1.575
A26: Youngs Modulus | D26: 1 | E26: ='Gear Ratio and forces'!H2/4.25 -> 2.1176471 | F26: =SQRT(E26) -> 1.4552138 | G26: {=SQRT(E26:E28)} -> 1.4552138 | I26: TD | J26: =J12*J15 -> 19.73105 | L26: KFB | M26: =IF(ISNUMBER(M25),0.9*M25,0.9*M24) -> 1.575 | T26: c | U26: 0.3
D27: 2 | E27: ='Gear Ratio and forces'!H3/4.25 -> 1.4117647 | F27: =SQRT(E27) -> 1.1881771 | G27: 1.1881771 | L27: c | M27: 0.3 | T27: Gear ratio | U27: 2.116
A28: Hardness | D28: 3 | E28: ='Gear Ratio and forces'!H4/4.25 -> 0.94117647 | F28: =SQRT(E28) -> 0.9701425 | G28: 0.9701425 | I28: d1 | J28: =700*((J26/J10)*(($B$24/$E$23)^2)*((J11+1)/J11)*(J6*IF(ISNUMBER(J8),J8,J7)))^(1/3) -> 32.203913 | L28: Gear ratio | M28: 2.116
A29: Surface | B29: 270 | D29: 4 | E29: ='Gear Ratio and forces'!H5/4.25 -> 0.70588235 | I29: d2 | J29: =3*J28 -> 96.611738 | T29: d1 | U29: =700*((U20/U26)*(($B$24/$E$23)^2)*((U27+1)/U27)*(U22*IF(ISNUMBER(U24),U24,24)))^(1/3) -> 48.208698
A30: Core | B30: 650 | D30: 5 | E30: ='Gear Ratio and forces'!H6/4.25 -> 0.56470588 | I30: Module, min (mm) | J30: =2*J26*(10^3)*J25*B25*J6*J9/(J10*E22*J28^2) -> 0.97135792 | L30: d1 | M30: =700*((M21/M27)*(($B$24/$E$23)^2)*((M28+1)/M28)*(M23*IF(ISNUMBER(M25),M25,24)))^(1/3) -> 35.375869 | T30: d2 | U30: =3*U29 -> 144.62609
L31: d2 | M31: =3*M30 -> 106.12761 | T31: Module, min (mm) | U31: =2*U20*(10^3)*U19*$B$25*U22*U25/(U26*$E$22*U29^2) -> 1.454106
I32: Z1 | J32: =(J28/J30)*COS(RADIANS(($E$11))) -> 28.711771 | L32: Module, min (mm) | M32: =2*M21*(10^3)*M20*$B$25*M23*M26/(M27*$E$22*M30^2) -> 1.0670328
I33: Z2 | J33: =3*J32 -> 86.135313 | T33: Z1 | U33: =(U29/U31)*COS(RADIANS(($E$11))) -> 28.711771
L34: Z1 | M34: =(M30/M32)*COS(RADIANS(($E$11))) -> 28.711771 | T34: Z2 | U34: =3*U33 -> 86.135313
A35: Failure probability | B35: 0.001 | D35: FDR | E35: 4.25 | L35: Z2 | M35: =3*M34 -> 86.135313
T36: Chosen Z1 | U36: 29
A37: b/d (standard for automotiver applications) | B37: 0.3 | D37: Do final drie gear pair | L37: Chosen Z1 | M37: 29 | T37: Chosen Z2 | U37: 86
D38: Also account nfor final drive ratio -take from ford car design | L38: Chosen Z2 | M38: 86 | T38: Chosen Module | U38: 2
L39: Chosen Module | M39: 2 | T39: Chosen D1 | U39: =U36*U38/(COS(RADIANS($E$11))) -> 66.972631
D40: Make 4th gear 1:1 | L40: Chosen D1 | M40: =M37*M39/(COS(RADIANS($E$11))) -> 66.972631 | T40: Chosen D2 | U40: =U37*U38/(COS(RADIANS($E$11))) -> 198.60849
L41: Chosen D2 | M41: =M38*M39/(COS(RADIANS($E$11))) -> 198.60849
T42: Actual Gear ratio | U42: =U37/U36 -> 2.9655172
L43: Actual Gear ratio | M43: =M38/M37 -> 2.9655172 | T43: Actual SF | U43: =U38*U26*(U39^2)*$E$22/(2*U20*1000*U19*U22*U25) -> 5.1496722
L44: Actual SF | M44: =M39*M27*(M40^2)*$E$22/(2*M21*1000*M20*M23*M26) -> 13.032701
